{"type":"dancer","dancer":{"id":17920,"first_name":"Laura","last_name":"Hoefener","wscid":18251},"level":{"required":"NEW","allowed":"NOV","reason":""},"placements":{"West Coast Swing":{"NEW":{"division":{"id":3,"name":"Newcomer","abbreviation":"NEW"},"total_points":1,"competitions":[{"role":"follower","points":1,"event":{"id":42,"name":"FloorPlay New Years Swing Vacation","location":"Orlando, FL","url":"http:\/\/floorplayswingvacation.com","date":"January 2019"},"result":"5"}]}}}}
{"type":"dancer","dancer":{"id":17921,"first_name":"Bernard","last_name":"Nowak","wscid":18252},"level":{"required":"NOV","allowed":"NOV","reason":""},"placements":{"West Coast Swing":{"NOV":{"division":{"id":4,"name":"Novice","abbreviation":"NOV"},"total_points":1,"competitions":[{"role":"leader","points":1,"event":{"id":42,"name":"FloorPlay New Years Swing Vacation","location":"Orlando, FL","url":"http:\/\/floorplayswingvacation.com","date":"January 2019"},"result":"F"}]}}}}
{"type":"dancer","dancer":{"id":17922,"first_name":"Hank","last_name":"Jones","wscid":18253},"level":{"required":"NOV","allowed":"NOV","reason":""},"placements":{"West Coast Swing":{"NOV":{"division":{"id":4,"name":"Novice","abbreviation":"NOV"},"total_points":1,"competitions":[{"role":"leader","points":1,"event":{"id":42,"name":"FloorPlay New Years Swing Vacation","location":"Orlando, FL","url":"http:\/\/floorplayswingvacation.com","date":"January 2019"},"result":"F"}]}}}}
{"type":"dancer","dancer":{"id":17923,"first_name":"Pirjo","last_name":"Koivula","wscid":18254},"level":{"required":"NOV","allowed":"NOV","reason":""},"placements":{"West Coast Swing":{"NOV":{"division":{"id":4,"name":"Novice","abbreviation":"NOV"},"total_points":1,"competitions":[{"role":"follower","points":1,"event":{"id":42,"name":"FloorPlay New Years Swing Vacation","location":"Orlando, FL","url":"http:\/\/floorplayswingvacation.com","date":"January 2019"},"result":"F"}]}}}}
{"type":"dancer","dancer":{"id":17924,"first_name":"Mark","last_name":"Medley","wscid":18255},"level":{"required":"NOV","allowed":"NOV","reason":""},"placements":{"West Coast Swing":{"NOV":{"division":{"id":4,"name":"Novice","abbreviation":"NOV"},"total_points":1,"competitions":[{"role":"follower","points":1,"event":{"id":42,"name":"FloorPlay New Years Swing Vacation","location":"Orlando, FL","url":"http:\/\/floorplayswingvacation.com","date":"January 2019"},"result":"F"}]}}}}
{"type":"dancer","dancer":{"id":17926,"first_name":"John","last_name":"Adams","wscid":18257},"level":{"required":"NEW","allowed":"NOV","reason":""},"placements":{"West Coast Swing":{"NEW":{"division":{"id":3,"name":"Newcomer","abbreviation":"NEW"},"total_points":4,"competitions":[{"role":"leader","points":4,"event":{"id":141,"name":"Spotlight Dance Challenge","location":"Dearborn, MI","url":"http:\/\/www.spotlightnewyears.com\/","date":"January 2019"},"result":"2"}]}}}}
{"type":"dancer","dancer":{"id":17927,"first_name":"Tara","last_name":"Byrne","wscid":18258},"level":{"required":"NEW","allowed":"NOV","reason":""},"placements":{"West Coast Swing":{"NEW":{"division":{"id":3,"name":"Newcomer","abbreviation":"NEW"},"total_points":4,"competitions":[{"role":"follower","points":4,"event":{"id":141,"name":"Spotlight Dance Challenge","location":"Dearborn, MI","url":"http:\/\/www.spotlightnewyears.com\/","date":"January 2019"},"result":"2"}]}}}}
{"type":"dancer","dancer":{"id":17928,"first_name":"Scott","last_name":"Reese","wscid":18259},"level":{"required":"NEW","allowed":"NOV","reason":""},"placements":{"West Coast Swing":{"NEW":{"division":{"id":3,"name":"Newcomer","abbreviation":"NEW"},"total_points":3,"competitions":[{"role":"leader","points":3,"event":{"id":141,"name":"Spotlight Dance Challenge","location":"Dearborn, MI","url":"http:\/\/www.spotlightnewyears.com\/","date":"January 2019"},"result":"3"}]}}}}
{"type":"dancer","dancer":{"id":17929,"first_name":"Carol","last_name":"Klarman","wscid":18260},"level":{"required":"NEW","allowed":"NOV","reason":""},"placements":{"West Coast Swing":{"NEW":{"division":{"id":3,"name":"Newcomer","abbreviation":"NEW"},"total_points":3,"competitions":[{"role":"follower","points":3,"event":{"id":141,"name":"Spotlight Dance Challenge","location":"Dearborn, MI","url":"http:\/\/www.spotlightnewyears.com\/","date":"January 2019"},"result":"3"}]}}}}
{"type":"dancer","dancer":{"id":17930,"first_name":"Austin","last_name":"Klum","wscid":18261},"level":{"required":"NEW","allowed":"NOV","reason":""},"placements":{"West Coast Swing":{"NEW":{"division":{"id":3,"name":"Newcomer","abbreviation":"NEW"},"total_points":2,"competitions":[{"role":"leader","points":2,"event":{"id":141,"name":"Spotlight Dance Challenge","location":"Dearborn, MI","url":"http:\/\/www.spotlightnewyears.com\/","date":"January 2019"},"result":"4"}]}}}}
{"type":"dancer","dancer":{"id":17931,"first_name":"Lauren","last_name":"Lambert","wscid":18262},"level":{"required":"NEW","allowed":"NOV","reason":""},"placements":{"West Coast Swing":{"NEW":{"division":{"id":3,"name":"Newcomer","abbreviation":"NEW"},"total_points":2,"competitions":[{"role":"follower","points":2,"event":{"id":141,"name":"Spotlight Dance Challenge","location":"Dearborn, MI","url":"http:\/\/www.spotlightnewyears.com\/","date":"January 2019"},"result":"4"}]}}}}
{"type":"dancer","dancer":{"id":17932,"first_name":"Colin","last_name":"Campbell","wscid":18263},"level":{"required":"NEW","allowed":"NOV","reason":""},"placements":{"West Coast Swing":{"NEW":{"division":{"id":3,"name":"Newcomer","abbreviation":"NEW"},"total_points":1,"competitions":[{"role":"leader","points":1,"event":{"id":141,"name":"Spotlight Dance Challenge","location":"Dearborn, MI","url":"http:\/\/www.spotlightnewyears.com\/","date":"January 2019"},"result":"5"}]}}}}
{"type":"dancer","dancer":{"id":17933,"first_name":"Carol","last_name":"Alarcon","wscid":18264},"level":{"required":"NEW","allowed":"NOV","reason":""},"placements":{"West Coast Swing":{"NEW":{"division":{"id":3,"name":"Newcomer","abbreviation":"NEW"},"total_points":1,"competitions":[{"role":"follower","points":1,"event":{"id":141,"name":"Spotlight Dance Challenge","location":"Dearborn, MI","url":"http:\/\/www.spotlightnewyears.com\/","date":"January 2019"},"result":"5"}]}}}}
{"type":"dancer","dancer":{"id":17934,"first_name":"Andrew","last_name":"Keith","wscid":18265},"level":{"required":"NOV","allowed":"NOV","reason":""},"placements":{"West Coast Swing":{"NOV":{"division":{"id":4,"name":"Novice","abbreviation":"NOV"},"total_points":6,"competitions":[{"role":"leader","points":6,"event":{"id":141,"name":"Spotlight Dance Challenge","location":"Dearborn, MI","url":"http:\/\/www.spotlightnewyears.com\/","date":"January 2019"},"result":"5"}]}}}}
{"type":"dancer","dancer":{"id":17935,"first_name":"Sarah","last_name":"Wight","wscid":18266},"level":{"required":"NOV","allowed":"NOV","reason":""},"placements":{"West Coast Swing":{"NOV":{"division":{"id":4,"name":"Novice","abbreviation":"NOV"},"total_points":2,"competitions":[{"role":"follower","points":1,"event":{"id":183,"name":"Freedom Swing Dance Challenge","location":"Philadelphia, PA","url":"http:\/\/freedomswingdance.com\/","date":"January 2019"},"result":"F"},{"role":"follower","points":1,"event":{"id":141,"name":"Spotlight Dance Challenge","location":"Dearborn, MI","url":"http:\/\/www.spotlightnewyears.com\/","date":"January 2019"},"result":"F"}]}}}}
{"type":"dancer","dancer":{"id":17937,"first_name":"Nate","last_name":"Burns","wscid":18268},"level":{"required":"NOV","allowed":"NOV","reason":""},"placements":{"West Coast Swing":{"NOV":{"division":{"id":4,"name":"Novice","abbreviation":"NOV"},"total_points":8,"competitions":[{"role":"leader","points":8,"event":{"id":195,"name":"Palm Springs New Year","location":"Palm Springs, CA","url":"www.JayByam.com","date":"January 2019"},"result":"2"}]}}}}
{"type":"dancer","dancer":{"id":17938,"first_name":"Michael","last_name":"DeGeer","wscid":18269},"level":{"required":"NOV","allowed":"NOV","reason":""},"placements":{"West Coast Swing":{"NOV":{"division":{"id":4,"name":"Novice","abbreviation":"NOV"},"total_points":6,"competitions":[{"role":"leader","points":6,"event":{"id":195,"name":"Palm Springs New Year","location":"Palm Springs, CA","url":"www.JayByam.com","date":"January 2019"},"result":"3"}]}}}}
{"type":"dancer","dancer":{"id":17939,"first_name":"Songhyun","last_name":"Nam","wscid":18270},"level":{"required":"NOV","allowed":"NOV","reason":""},"placements":{"West Coast Swing":{"NOV":{"division":{"id":4,"name":"Novice","abbreviation":"NOV"},"total_points":10,"competitions":[{"role":"follower","points":10,"event":{"id":195,"name":"Palm Springs New Year","location":"Palm Springs, CA","url":"www.JayByam.com","date":"January 2019"},"result":"3"}]}}}}
{"type":"dancer","dancer":{"id":17940,"first_name":"Cami","last_name":"Johnstonbaugh","wscid":18271},"level":{"required":"NOV","allowed":"NOV","reason":""},"placements":{"West Coast Swing":{"NOV":{"division":{"id":4,"name":"Novice","abbreviation":"NOV"},"total_points":1,"competitions":[{"role":"follower","points":1,"event":{"id":195,"name":"Palm Springs New Year","location":"Palm Springs, CA","url":"www.JayByam.com","date":"January 2019"},"result":"F"}]}}}}
{"type":"dancer","dancer":{"id":17941,"first_name":"Colton","last_name":"Thompson","wscid":18272},"level":{"required":"NOV","allowed":"NOV","reason":""},"placements":{"West Coast Swing":{"NOV":{"division":{"id":4,"name":"Novice","abbreviation":"NOV"},"total_points":1,"competitions":[{"role":"leader","points":1,"event":{"id":195,"name":"Palm Springs New Year","location":"Palm Springs, CA","url":"www.JayByam.com","date":"January 2019"},"result":"F"}]}}}}
{"type":"dancer","dancer":{"id":17942,"first_name":"Chris","last_name":"Andrus","wscid":18273},"level":{"required":"NOV","allowed":"NOV","reason":""},"placements":{"West Coast Swing":{"NOV":{"division":{"id":4,"name":"Novice","abbreviation":"NOV"},"total_points":1,"competitions":[{"role":"leader","points":1,"event":{"id":195,"name":"Palm Springs New Year","location":"Palm Springs, CA","url":"www.JayByam.com","date":"January 2019"},"result":"F"}]}}}}
{"type":"dancer","dancer":{"id":17943,"first_name":"Annie","last_name":"Kapitan","wscid":18274},"level":{"required":"NOV","allowed":"NOV","reason":""},"placements":{"West Coast Swing":{"NOV":{"division":{"id":4,"name":"Novice","abbreviation":"NOV"},"total_points":1,"competitions":[{"role":"follower","points":1,"event":{"id":195,"name":"Palm Springs New Year","location":"Palm Springs, CA","url":"www.JayByam.com","date":"January 2019"},"result":"F"}]}}}}
{"type":"dancer","dancer":{"id":17944,"first_name":"Przemys?aw","last_name":"Adamowicz","wscid":18275},"level":{"required":"NEW","allowed":"NOV","reason":""},"placements":{"West Coast Swing":{"NEW":{"division":{"id":3,"name":"Newcomer","abbreviation":"NEW"},"total_points":10,"competitions":[{"role":"leader","points":10,"event":{"id":184,"name":"BudaFest Open WCS Championships","location":"Budapest, Hungary","url":"http:\/\/wcs-budafest.com\/","date":"January 2019"},"result":"1"}]}}}}
{"type":"dancer","dancer":{"id":17945,"first_name":"Maya","last_name":"Sigl","wscid":18276},"level":{"required":"NEW","allowed":"NOV","reason":""},"placements":{"West Coast Swing":{"NEW":{"division":{"id":3,"name":"Newcomer","abbreviation":"NEW"},"total_points":10,"competitions":[{"role":"follower","points":10,"event":{"id":184,"name":"BudaFest Open WCS Championships","location":"Budapest, Hungary","url":"http:\/\/wcs-budafest.com\/","date":"January 2019"},"result":"1"}]}}}}
{"type":"dancer","dancer":{"id":17946,"first_name":"Steve","last_name":"Charpentier","wscid":18277},"level":{"required":"NEW","allowed":"NOV","reason":""},"placements":{"West Coast Swing":{"NEW":{"division":{"id":3,"name":"Newcomer","abbreviation":"NEW"},"total_points":8,"competitions":[{"role":"leader","points":8,"event":{"id":184,"name":"BudaFest Open WCS Championships","location":"Budapest, Hungary","url":"http:\/\/wcs-budafest.com\/","date":"January 2019"},"result":"2"}]}}}}
{"type":"dancer","dancer":{"id":17947,"first_name":"Regina","last_name":"Bischof-Pazour","wscid":18278},"level":{"required":"NEW","allowed":"NOV","reason":""},"placements":{"West Coast Swing":{"NEW":{"division":{"id":3,"name":"Newcomer","abbreviation":"NEW"},"total_points":8,"competitions":[{"role":"follower","points":8,"event":{"id":184,"name":"BudaFest Open WCS Championships","location":"Budapest, Hungary","url":"http:\/\/wcs-budafest.com\/","date":"January 2019"},"result":"2"}]}}}}
{"type":"dancer","dancer":{"id":17948,"first_name":"Agnes","last_name":"Schmidt","wscid":18279},"level":{"required":"NEW","allowed":"NOV","reason":""},"placements":{"West Coast Swing":{"NEW":{"division":{"id":3,"name":"Newcomer","abbreviation":"NEW"},"total_points":6,"competitions":[{"role":"follower","points":6,"event":{"id":184,"name":"BudaFest Open WCS Championships","location":"Budapest, Hungary","url":"http:\/\/wcs-budafest.com\/","date":"January 2019"},"result":"3"}]}}}}
{"type":"dancer","dancer":{"id":17949,"first_name":"Norbert","last_name":"Gsellmann","wscid":18280},"level":{"required":"NEW","allowed":"NOV","reason":""},"placements":{"West Coast Swing":{"NEW":{"division":{"id":3,"name":"Newcomer","abbreviation":"NEW"},"total_points":4,"competitions":[{"role":"leader","points":4,"event":{"id":184,"name":"BudaFest Open WCS Championships","location":"Budapest, Hungary","url":"http:\/\/wcs-budafest.com\/","date":"January 2019"},"result":"4"}]}}}}
{"type":"dancer","dancer":{"id":17950,"first_name":"Gabriele","last_name":"Wallner","wscid":18281},"level":{"required":"NEW","allowed":"NOV","reason":""},"placements":{"West Coast Swing":{"NEW":{"division":{"id":3,"name":"Newcomer","abbreviation":"NEW"},"total_points":2,"competitions":[{"role":"leader","points":2,"event":{"id":184,"name":"BudaFest Open WCS Championships","location":"Budapest, Hungary","url":"http:\/\/wcs-budafest.com\/","date":"January 2019"},"result":"5"}]}}}}
{"type":"dancer","dancer":{"id":17951,"first_name":"Didier","last_name":"Vin","wscid":18282},"level":{"required":"NEW","allowed":"NOV","reason":""},"placements":{"West Coast Swing":{"NEW":{"division":{"id":3,"name":"Newcomer","abbreviation":"NEW"},"total_points":1,"competitions":[{"role":"leader","points":1,"event":{"id":184,"name":"BudaFest Open WCS Championships","location":"Budapest, Hungary","url":"http:\/\/wcs-budafest.com\/","date":"January 2019"},"result":"F"}]}}}}
{"type":"dancer","dancer":{"id":17952,"first_name":"Andreea","last_name":"Luca","wscid":18283},"level":{"required":"NEW","allowed":"NOV","reason":""},"placements":{"West Coast Swing":{"NEW":{"division":{"id":3,"name":"Newcomer","abbreviation":"NEW"},"total_points":1,"competitions":[{"role":"follower","points":1,"event":{"id":184,"name":"BudaFest Open WCS Championships","location":"Budapest, Hungary","url":"http:\/\/wcs-budafest.com\/","date":"January 2019"},"result":"F"}]}}}}
{"type":"dancer","dancer":{"id":17953,"first_name":"Jerome","last_name":"Le Marec","wscid":18284},"level":{"required":"NEW","allowed":"NOV","reason":""},"placements":{"West Coast Swing":{"NEW":{"division":{"id":3,"name":"Newcomer","abbreviation":"NEW"},"total_points":1,"competitions":[{"role":"leader","points":1,"event":{"id":184,"name":"BudaFest Open WCS Championships","location":"Budapest, Hungary","url":"http:\/\/wcs-budafest.com\/","date":"January 2019"},"result":"F"}]}}}}
{"type":"dancer","dancer":{"id":17954,"first_name":"Karolin","last_name":"Rademacher","wscid":18285},"level":{"required":"NEW","allowed":"NOV","reason":""},"placements":{"West Coast Swing":{"NEW":{"division":{"id":3,"name":"Newcomer","abbreviation":"NEW"},"total_points":1,"competitions":[{"role":"follower","points":1,"event":{"id":184,"name":"BudaFest Open WCS Championships","location":"Budapest, Hungary","url":"http:\/\/wcs-budafest.com\/","date":"January 2019"},"result":"F"}]}}}}
{"type":"dancer","dancer":{"id":17955,"first_name":"Mohammad Ali","last_name":"Saadat Khameneh","wscid":18286},"level":{"required":"NEW","allowed":"NOV","reason":""},"placements":{"West Coast Swing":{"NEW":{"division":{"id":3,"name":"Newcomer","abbreviation":"NEW"},"total_points":1,"competitions":[{"role":"leader","points":1,"event":{"id":184,"name":"BudaFest Open WCS Championships","location":"Budapest, Hungary","url":"http:\/\/wcs-budafest.com\/","date":"January 2019"},"result":"F"}]}}}}
{"type":"dancer","dancer":{"id":17956,"first_name":"Sandra","last_name":"Kuhnert","wscid":18287},"level":{"required":"NEW","allowed":"NOV","reason":""},"placements":{"West Coast Swing":{"NEW":{"division":{"id":3,"name":"Newcomer","abbreviation":"NEW"},"total_points":1,"competitions":[{"role":"follower","points":1,"event":{"id":184,"name":"BudaFest Open WCS Championships","location":"Budapest, Hungary","url":"http:\/\/wcs-budafest.com\/","date":"January 2019"},"result":"F"}]}}}}
{"type":"dancer","dancer":{"id":17957,"first_name":"Jan","last_name":"Pedersen","wscid":18288},"level":{"required":"NEW","allowed":"NOV","reason":""},"placements":{"West Coast Swing":{"NEW":{"division":{"id":3,"name":"Newcomer","abbreviation":"NEW"},"total_points":1,"competitions":[{"role":"leader","points":1,"event":{"id":184,"name":"BudaFest Open WCS Championships","location":"Budapest, Hungary","url":"http:\/\/wcs-budafest.com\/","date":"January 2019"},"result":"F"}]}}}}
{"type":"dancer","dancer":{"id":17959,"first_name":"Elea","last_name":"Lemetayer","wscid":18289},"level":{"required":"NEW","allowed":"NOV","reason":""},"placements":{"West Coast Swing":{"NEW":{"division":{"id":3,"name":"Newcomer","abbreviation":"NEW"},"total_points":1,"competitions":[{"role":"follower","points":1,"event":{"id":184,"name":"BudaFest Open WCS Championships","location":"Budapest, Hungary","url":"http:\/\/wcs-budafest.com\/","date":"January 2019"},"result":"F"}]}}}}
{"type":"dancer","dancer":{"id":17960,"first_name":"Cyril","last_name":"Nguyen Huu","wscid":18290},"level":{"required":"NEW","allowed":"NOV","reason":""},"placements":{"West Coast Swing":{"NEW":{"division":{"id":3,"name":"Newcomer","abbreviation":"NEW"},"total_points":1,"competitions":[{"role":"leader","points":1,"event":{"id":184,"name":"BudaFest Open WCS Championships","location":"Budapest, Hungary","url":"http:\/\/wcs-budafest.com\/","date":"January 2019"},"result":"F"}]}}}}
{"type":"dancer","dancer":{"id":17961,"first_name":"Alicja","last_name":"Stankiewicz","wscid":18291},"level":{"required":"NEW","allowed":"NOV","reason":""},"placements":{"West Coast Swing":{"NEW":{"division":{"id":3,"name":"Newcomer","abbreviation":"NEW"},"total_points":1,"competitions":[{"role":"follower","points":1,"event":{"id":184,"name":"BudaFest Open WCS Championships","location":"Budapest, Hungary","url":"http:\/\/wcs-budafest.com\/","date":"January 2019"},"result":"F"}]}}}}
{"type":"dancer","dancer":{"id":17962,"first_name":"Luka","last_name":"Pernot","wscid":18292},"level":{"required":"NEW","allowed":"NOV","reason":""},"placements":{"West Coast Swing":{"NEW":{"division":{"id":3,"name":"Newcomer","abbreviation":"NEW"},"total_points":1,"competitions":[{"role":"leader","points":1,"event":{"id":184,"name":"BudaFest Open WCS Championships","location":"Budapest, Hungary","url":"http:\/\/wcs-budafest.com\/","date":"January 2019"},"result":"F"}]}}}}
{"type":"dancer","dancer":{"id":17963,"first_name":"Maike","last_name":"Byner","wscid":18293},"level":{"required":"NEW","allowed":"NOV","reason":""},"placements":{"West Coast Swing":{"NEW":{"division":{"id":3,"name":"Newcomer","abbreviation":"NEW"},"total_points":1,"competitions":[{"role":"follower","points":1,"event":{"id":184,"name":"BudaFest Open WCS Championships","location":"Budapest, Hungary","url":"http:\/\/wcs-budafest.com\/","date":"January 2019"},"result":"F"}]}}}}
{"type":"dancer","dancer":{"id":17964,"first_name":"Wolfgang","last_name":"Gamauf","wscid":18294},"level":{"required":"NEW","allowed":"NOV","reason":""},"placements":{"West Coast Swing":{"NEW":{"division":{"id":3,"name":"Newcomer","abbreviation":"NEW"},"total_points":1,"competitions":[{"role":"leader","points":1,"event":{"id":184,"name":"BudaFest Open WCS Championships","location":"Budapest, Hungary","url":"http:\/\/wcs-budafest.com\/","date":"January 2019"},"result":"F"}]}}}}
{"type":"dancer","dancer":{"id":17965,"first_name":"Marianne","last_name":"Bouyssarie","wscid":18295},"level":{"required":"NEW","allowed":"NOV","reason":""},"placements":{"West Coast Swing":{"NEW":{"division":{"id":3,"name":"Newcomer","abbreviation":"NEW"},"total_points":1,"competitions":[{"role":"follower","points":1,"event":{"id":184,"name":"BudaFest Open WCS Championships","location":"Budapest, Hungary","url":"http:\/\/wcs-budafest.com\/","date":"January 2019"},"result":"F"}]}}}}
{"type":"dancer","dancer":{"id":17966,"first_name":"Marie","last_name":"Henrard","wscid":18296},"level":{"required":"NOV","allowed":"NOV","reason":""},"placements":{"West Coast Swing":{"NOV":{"division":{"id":4,"name":"Novice","abbreviation":"NOV"},"total_points":2,"competitions":[{"role":"follower","points":2,"event":{"id":184,"name":"BudaFest Open WCS Championships","location":"Budapest, Hungary","url":"http:\/\/wcs-budafest.com\/","date":"January 2019"},"result":"F"}]}}}}
{"type":"dancer","dancer":{"id":17967,"first_name":"Evan","last_name":"Blum","wscid":18297},"level":{"required":"NOV","allowed":"NOV","reason":""},"placements":{"West Coast Swing":{"NOV":{"division":{"id":4,"name":"Novice","abbreviation":"NOV"},"total_points":5,"competitions":[{"role":"leader","points":1,"event":{"id":242,"name":"Derby City Swing","location":"Louisville, KY","url":"https:\/\/derbycityswing.com\/","date":"January 2019"},"result":"F"},{"role":"leader","points":4,"event":{"id":75,"name":"Worlds UCWDC","location":"Nashville, TN","url":"http:\/\/www.ucwdcworlds.com","date":"January 2019"},"result":"2"}]}}}}
{"type":"dancer","dancer":{"id":17968,"first_name":"Jacob","last_name":"Thornton","wscid":18298},"level":{"required":"NOV","allowed":"NOV","reason":""},"placements":{"West Coast Swing":{"NOV":{"division":{"id":4,"name":"Novice","abbreviation":"NOV"},"total_points":3,"competitions":[{"role":"leader","points":3,"event":{"id":75,"name":"Worlds UCWDC","location":"Nashville, TN","url":"http:\/\/www.ucwdcworlds.com","date":"January 2019"},"result":"3"}]}}}}
{"type":"dancer","dancer":{"id":17969,"first_name":"Anna-Lena","last_name":"Clark","wscid":18299},"level":{"required":"NOV","allowed":"NOV","reason":""},"placements":{"West Coast Swing":{"NOV":{"division":{"id":4,"name":"Novice","abbreviation":"NOV"},"total_points":6,"competitions":[{"role":"follower","points":6,"event":{"id":75,"name":"Worlds UCWDC","location":"Nashville, TN","url":"http:\/\/www.ucwdcworlds.com","date":"January 2019"},"result":"3"}]}}}}
{"type":"dancer","dancer":{"id":17971,"first_name":"Oleg","last_name":"Fomin","wscid":18301},"level":{"required":"NOV","allowed":"NOV","reason":""},"placements":{"West Coast Swing":{"NOV":{"division":{"id":4,"name":"Novice","abbreviation":"NOV"},"total_points":6,"competitions":[{"role":"leader","points":6,"event":{"id":290,"name":"Shooba Dooba Swing","location":"Moscow, Russia","url":"https:\/\/shooba-dooba.ru\/","date":"January 2019"},"result":"3"}]}}}}
{"type":"dancer","dancer":{"id":17972,"first_name":"Andrey","last_name":"Tyurin","wscid":18302},"level":{"required":"NOV","allowed":"NOV","reason":""},"placements":{"West Coast Swing":{"NOV":{"division":{"id":4,"name":"Novice","abbreviation":"NOV"},"total_points":4,"competitions":[{"role":"leader","points":4,"event":{"id":290,"name":"Shooba Dooba Swing","location":"Moscow, Russia","url":"https:\/\/shooba-dooba.ru\/","date":"January 2019"},"result":"4"}]}}}}
{"type":"dancer","dancer":{"id":17973,"first_name":"Tanya","last_name":"Finozhenko","wscid":18303},"level":{"required":"NOV","allowed":"NOV","reason":""},"placements":{"West Coast Swing":{"NOV":{"division":{"id":4,"name":"Novice","abbreviation":"NOV"},"total_points":2,"competitions":[{"role":"follower","points":2,"event":{"id":290,"name":"Shooba Dooba Swing","location":"Moscow, Russia","url":"https:\/\/shooba-dooba.ru\/","date":"January 2019"},"result":"5"}]}}}}
{"type":"dancer","dancer":{"id":17974,"first_name":"Viktoriya","last_name":"Somova","wscid":18304},"level":{"required":"NOV","allowed":"NOV","reason":""},"placements":{"West Coast Swing":{"NOV":{"division":{"id":4,"name":"Novice","abbreviation":"NOV"},"total_points":1,"competitions":[{"role":"follower","points":1,"event":{"id":290,"name":"Shooba Dooba Swing","location":"Moscow, Russia","url":"https:\/\/shooba-dooba.ru\/","date":"January 2019"},"result":"F"}]}}}}
{"type":"dancer","dancer":{"id":17975,"first_name":"Tat?yana","last_name":"Lopatnikova","wscid":18305},"level":{"required":"NOV","allowed":"NOV","reason":""},"placements":{"West Coast Swing":{"NOV":{"division":{"id":4,"name":"Novice","abbreviation":"NOV"},"total_points":1,"competitions":[{"role":"follower","points":1,"event":{"id":290,"name":"Shooba Dooba Swing","location":"Moscow, Russia","url":"https:\/\/shooba-dooba.ru\/","date":"January 2019"},"result":"F"}]}}}}
{"type":"dancer","dancer":{"id":17976,"first_name":"Svetlana","last_name":"Zyryanova","wscid":18306},"level":{"required":"NOV","allowed":"NOV","reason":""},"placements":{"West Coast Swing":{"NOV":{"division":{"id":4,"name":"Novice","abbreviation":"NOV"},"total_points":1,"competitions":[{"role":"follower","points":1,"event":{"id":290,"name":"Shooba Dooba Swing","location":"Moscow, Russia","url":"https:\/\/shooba-dooba.ru\/","date":"January 2019"},"result":"F"}]}}}}
{"type":"dancer","dancer":{"id":17977,"first_name":"Nadezhda","last_name":"Surkova ","wscid":18307},"level":{"required":"NOV","allowed":"NOV","reason":""},"placements":{"West Coast Swing":{"NOV":{"division":{"id":4,"name":"Novice","abbreviation":"NOV"},"total_points":1,"competitions":[{"role":"follower","points":1,"event":{"id":290,"name":"Shooba Dooba Swing","location":"Moscow, Russia","url":"https:\/\/shooba-dooba.ru\/","date":"January 2019"},"result":"F"}]}}}}
{"type":"dancer","dancer":{"id":17978,"first_name":"Ramil?","last_name":"Abdullin","wscid":18308},"level":{"required":"NOV","allowed":"NOV","reason":""},"placements":{"West Coast Swing":{"NOV":{"division":{"id":4,"name":"Novice","abbreviation":"NOV"},"total_points":1,"competitions":[{"role":"leader","points":1,"event":{"id":290,"name":"Shooba Dooba Swing","location":"Moscow, Russia","url":"https:\/\/shooba-dooba.ru\/","date":"January 2019"},"result":"F"}]}}}}
{"type":"dancer","dancer":{"id":17979,"first_name":"Sergey","last_name":"Kolobkov","wscid":18309},"level":{"required":"NOV","allowed":"NOV","reason":""},"placements":{"West Coast Swing":{"NOV":{"division":{"id":4,"name":"Novice","abbreviation":"NOV"},"total_points":1,"competitions":[{"role":"leader","points":1,"event":{"id":290,"name":"Shooba Dooba Swing","location":"Moscow, Russia","url":"https:\/\/shooba-dooba.ru\/","date":"January 2019"},"result":"F"}]}}}}
{"type":"dancer","dancer":{"id":17980,"first_name":"Konstantin","last_name":"Galeyev","wscid":18310},"level":{"required":"NOV","allowed":"NOV","reason":""},"placements":{"West Coast Swing":{"NOV":{"division":{"id":4,"name":"Novice","abbreviation":"NOV"},"total_points":1,"competitions":[{"role":"leader","points":1,"event":{"id":290,"name":"Shooba Dooba Swing","location":"Moscow, Russia","url":"https:\/\/shooba-dooba.ru\/","date":"January 2019"},"result":"F"}]}}}}
{"type":"dancer","dancer":{"id":17981,"first_name":"Jessica","last_name":"Davidson","wscid":18311},"level":{"required":"NOV","allowed":"NOV","reason":""},"placements":{"West Coast Swing":{"NOV":{"division":{"id":4,"name":"Novice","abbreviation":"NOV"},"total_points":15,"competitions":[{"role":"follower","points":15,"event":{"id":62,"name":"Monterey Swingfest","location":"Monterey, CA","url":"http:\/\/www.centralcoastswingdance.com\/","date":"January 2019"},"result":"1"}]}}}}
{"type":"dancer","dancer":{"id":17982,"first_name":"Lisa","last_name":"O'Toole","wscid":18312},"level":{"required":"NOV","allowed":"NOV","reason":""},"placements":{"West Coast Swing":{"NOV":{"division":{"id":4,"name":"Novice","abbreviation":"NOV"},"total_points":12,"competitions":[{"role":"follower","points":12,"event":{"id":62,"name":"Monterey Swingfest","location":"Monterey, CA","url":"http:\/\/www.centralcoastswingdance.com\/","date":"January 2019"},"result":"2"}]}}}}
{"type":"dancer","dancer":{"id":17984,"first_name":"Fallon","last_name":"Dominguez","wscid":18314},"level":{"required":"NOV","allowed":"NOV","reason":""},"placements":{"West Coast Swing":{"NOV":{"division":{"id":4,"name":"Novice","abbreviation":"NOV"},"total_points":8,"competitions":[{"role":"follower","points":8,"event":{"id":62,"name":"Monterey Swingfest","location":"Monterey, CA","url":"http:\/\/www.centralcoastswingdance.com\/","date":"January 2019"},"result":"4"}]}}}}
{"type":"dancer","dancer":{"id":17985,"first_name":"Jeffrey","last_name":"Huynh","wscid":18315},"level":{"required":"NOV","allowed":"NOV","reason":""},"placements":{"West Coast Swing":{"NOV":{"division":{"id":4,"name":"Novice","abbreviation":"NOV"},"total_points":6,"competitions":[{"role":"leader","points":6,"event":{"id":62,"name":"Monterey Swingfest","location":"Monterey, CA","url":"http:\/\/www.centralcoastswingdance.com\/","date":"January 2019"},"result":"5"}]}}}}
{"type":"dancer","dancer":{"id":17986,"first_name":"Thien","last_name":"Kim Le","wscid":18316},"level":{"required":"NOV","allowed":"NOV","reason":""},"placements":{"West Coast Swing":{"NOV":{"division":{"id":4,"name":"Novice","abbreviation":"NOV"},"total_points":1,"competitions":[{"role":"follower","points":1,"event":{"id":62,"name":"Monterey Swingfest","location":"Monterey, CA","url":"http:\/\/www.centralcoastswingdance.com\/","date":"January 2019"},"result":"F"}]}}}}
{"type":"dancer","dancer":{"id":17987,"first_name":"Brianna","last_name":"Garcia","wscid":18317},"level":{"required":"NOV","allowed":"NOV","reason":""},"placements":{"West Coast Swing":{"NOV":{"division":{"id":4,"name":"Novice","abbreviation":"NOV"},"total_points":1,"competitions":[{"role":"follower","points":1,"event":{"id":62,"name":"Monterey Swingfest","location":"Monterey, CA","url":"http:\/\/www.centralcoastswingdance.com\/","date":"January 2019"},"result":"F"}]}}}}
{"type":"dancer","dancer":{"id":17988,"first_name":"Derek","last_name":"Ramsey","wscid":18318},"level":{"required":"NOV","allowed":"NOV","reason":""},"placements":{"West Coast Swing":{"NOV":{"division":{"id":4,"name":"Novice","abbreviation":"NOV"},"total_points":1,"competitions":[{"role":"leader","points":1,"event":{"id":62,"name":"Monterey Swingfest","location":"Monterey, CA","url":"http:\/\/www.centralcoastswingdance.com\/","date":"January 2019"},"result":"F"}]}}}}
{"type":"dancer","dancer":{"id":17989,"first_name":"Lisa","last_name":"Betts-LaCroix","wscid":18319},"level":{"required":"NOV","allowed":"NOV","reason":""},"placements":{"West Coast Swing":{"MSTR":{"division":{"id":2,"name":"Masters","abbreviation":"MSTR"},"total_points":1,"competitions":[{"role":"follower","points":1,"event":{"id":62,"name":"Monterey Swingfest","location":"Monterey, CA","url":"http:\/\/www.centralcoastswingdance.com\/","date":"January 2019"},"result":"F"}]},"NOV":{"division":{"id":4,"name":"Novice","abbreviation":"NOV"},"total_points":1,"competitions":[{"role":"follower","points":1,"event":{"id":62,"name":"Monterey Swingfest","location":"Monterey, CA","url":"http:\/\/www.centralcoastswingdance.com\/","date":"January 2019"},"result":"F"}]}}}}
{"type":"dancer","dancer":{"id":17990,"first_name":"Emma","last_name":"Miloglav","wscid":18320},"level":{"required":"NOV","allowed":"NOV","reason":""},"placements":{"West Coast Swing":{"NOV":{"division":{"id":4,"name":"Novice","abbreviation":"NOV"},"total_points":1,"competitions":[{"role":"follower","points":1,"event":{"id":62,"name":"Monterey Swingfest","location":"Monterey, CA","url":"http:\/\/www.centralcoastswingdance.com\/","date":"January 2019"},"result":"F"}]}}}}
{"type":"dancer","dancer":{"id":17991,"first_name":"Sevyn","last_name":"Locario","wscid":18321},"level":{"required":"NOV","allowed":"NOV","reason":""},"placements":{"West Coast Swing":{"NOV":{"division":{"id":4,"name":"Novice","abbreviation":"NOV"},"total_points":1,"competitions":[{"role":"leader","points":1,"event":{"id":62,"name":"Monterey Swingfest","location":"Monterey, CA","url":"http:\/\/www.centralcoastswingdance.com\/","date":"January 2019"},"result":"F"}]}}}}
{"type":"dancer","dancer":{"id":17992,"first_name":"Arthur","last_name":"Scott","wscid":18322},"level":{"required":"NOV","allowed":"NOV","reason":""},"placements":{"West Coast Swing":{"NOV":{"division":{"id":4,"name":"Novice","abbreviation":"NOV"},"total_points":1,"competitions":[{"role":"leader","points":1,"event":{"id":62,"name":"Monterey Swingfest","location":"Monterey, CA","url":"http:\/\/www.centralcoastswingdance.com\/","date":"January 2019"},"result":"F"}]}}}}
{"type":"dancer","dancer":{"id":17993,"first_name":"Diego","last_name":"Lopez-Crane","wscid":18323},"level":{"required":"NEW","allowed":"NOV","reason":""},"placements":{"West Coast Swing":{"NEW":{"division":{"id":3,"name":"Newcomer","abbreviation":"NEW"},"total_points":3,"competitions":[{"role":"leader","points":3,"event":{"id":183,"name":"Freedom Swing Dance Challenge","location":"Philadelphia, PA","url":"http:\/\/freedomswingdance.com\/","date":"January 2019"},"result":"1"}]}}}}
{"type":"dancer","dancer":{"id":17994,"first_name":"Beth","last_name":"Hogenmiller","wscid":18324},"level":{"required":"NEW","allowed":"NOV","reason":""},"placements":{"West Coast Swing":{"NEW":{"division":{"id":3,"name":"Newcomer","abbreviation":"NEW"},"total_points":4,"competitions":[{"role":"follower","points":4,"event":{"id":183,"name":"Freedom Swing Dance Challenge","location":"Philadelphia, PA","url":"http:\/\/freedomswingdance.com\/","date":"January 2019"},"result":"2"}]}}}}
{"type":"dancer","dancer":{"id":17995,"first_name":"Cherie","last_name":"Kyer","wscid":18325},"level":{"required":"NEW","allowed":"NOV","reason":""},"placements":{"West Coast Swing":{"NEW":{"division":{"id":3,"name":"Newcomer","abbreviation":"NEW"},"total_points":4,"competitions":[{"role":"follower","points":1,"event":{"id":273,"name":"Charlotte Westie Fest","location":"Charlotte, NC","url":"http:\/\/www.charlottewestiefest.com\/","date":"February 2019"},"result":"F"},{"role":"follower","points":3,"event":{"id":183,"name":"Freedom Swing Dance Challenge","location":"Philadelphia, PA","url":"http:\/\/freedomswingdance.com\/","date":"January 2019"},"result":"3"}]}}}}
{"type":"dancer","dancer":{"id":17996,"first_name":"Kay","last_name":"Hechler","wscid":18326},"level":{"required":"NEW","allowed":"NOV","reason":""},"placements":{"West Coast Swing":{"NEW":{"division":{"id":3,"name":"Newcomer","abbreviation":"NEW"},"total_points":2,"competitions":[{"role":"follower","points":2,"event":{"id":183,"name":"Freedom Swing Dance Challenge","location":"Philadelphia, PA","url":"http:\/\/freedomswingdance.com\/","date":"January 2019"},"result":"4"}]}}}}
{"type":"dancer","dancer":{"id":17997,"first_name":"Allison","last_name":"Rosengarden","wscid":18327},"level":{"required":"NEW","allowed":"NOV","reason":""},"placements":{"West Coast Swing":{"NEW":{"division":{"id":3,"name":"Newcomer","abbreviation":"NEW"},"total_points":1,"competitions":[{"role":"follower","points":1,"event":{"id":183,"name":"Freedom Swing Dance Challenge","location":"Philadelphia, PA","url":"http:\/\/freedomswingdance.com\/","date":"January 2019"},"result":"5"}]}}}}
{"type":"dancer","dancer":{"id":17998,"first_name":"Anna","last_name":"Kaiser","wscid":18328},"level":{"required":"NOV","allowed":"NOV","reason":""},"placements":{"West Coast Swing":{"NOV":{"division":{"id":4,"name":"Novice","abbreviation":"NOV"},"total_points":1,"competitions":[{"role":"follower","points":1,"event":{"id":183,"name":"Freedom Swing Dance Challenge","location":"Philadelphia, PA","url":"http:\/\/freedomswingdance.com\/","date":"January 2019"},"result":"F"}]}}}}
{"type":"dancer","dancer":{"id":17999,"first_name":"Lynda","last_name":"Hills","wscid":18329},"level":{"required":"NEW","allowed":"NOV","reason":""},"placements":{"West Coast Swing":{"NEW":{"division":{"id":3,"name":"Newcomer","abbreviation":"NEW"},"total_points":6,"competitions":[{"role":"follower","points":6,"event":{"id":214,"name":"New Year's Swing Fling","location":"London, UK","url":"https:\/\/www.nyswingfling.com\/","date":"January 2019"},"result":"1"}]}}}}
{"type":"dancer","dancer":{"id":18000,"first_name":"Neil","last_name":"Strugnell","wscid":18330},"level":{"required":"NEW","allowed":"NOV","reason":""},"placements":{"West Coast Swing":{"NEW":{"division":{"id":3,"name":"Newcomer","abbreviation":"NEW"},"total_points":2,"competitions":[{"role":"leader","points":2,"event":{"id":214,"name":"New Year's Swing Fling","location":"London, UK","url":"https:\/\/www.nyswingfling.com\/","date":"January 2019"},"result":"2"}]}}}}
{"type":"dancer","dancer":{"id":18001,"first_name":"Jenine","last_name":"Jansen","wscid":18331},"level":{"required":"NEW","allowed":"NOV","reason":""},"placements":{"West Coast Swing":{"NEW":{"division":{"id":3,"name":"Newcomer","abbreviation":"NEW"},"total_points":4,"competitions":[{"role":"follower","points":4,"event":{"id":214,"name":"New Year's Swing Fling","location":"London, UK","url":"https:\/\/www.nyswingfling.com\/","date":"January 2019"},"result":"2"}]}}}}
{"type":"dancer","dancer":{"id":18002,"first_name":"Terry","last_name":"Hills","wscid":18332},"level":{"required":"NEW","allowed":"NOV","reason":""},"placements":{"West Coast Swing":{"NEW":{"division":{"id":3,"name":"Newcomer","abbreviation":"NEW"},"total_points":1,"competitions":[{"role":"leader","points":1,"event":{"id":214,"name":"New Year's Swing Fling","location":"London, UK","url":"https:\/\/www.nyswingfling.com\/","date":"January 2019"},"result":"3"}]}}}}
{"type":"dancer","dancer":{"id":18003,"first_name":"Mona","last_name":"Winzer","wscid":18333},"level":{"required":"NOV","allowed":"NOV","reason":""},"placements":{"West Coast Swing":{"NOV":{"division":{"id":4,"name":"Novice","abbreviation":"NOV"},"total_points":1,"competitions":[{"role":"follower","points":1,"event":{"id":291,"name":"Municorn Swing","location":"Munich, Germany","url":"https:\/\/municornswing.com\/","date":"January 2019"},"result":"F"}]},"NEW":{"division":{"id":3,"name":"Newcomer","abbreviation":"NEW"},"total_points":3,"competitions":[{"role":"follower","points":3,"event":{"id":214,"name":"New Year's Swing Fling","location":"London, UK","url":"https:\/\/www.nyswingfling.com\/","date":"January 2019"},"result":"3"}]}}}}
{"type":"dancer","dancer":{"id":18004,"first_name":"Prayaas","last_name":"Sharma","wscid":18334},"level":{"required":"NOV","allowed":"NOV","reason":""},"placements":{"West Coast Swing":{"NOV":{"division":{"id":4,"name":"Novice","abbreviation":"NOV"},"total_points":6,"competitions":[{"role":"leader","points":6,"event":{"id":214,"name":"New Year's Swing Fling","location":"London, UK","url":"https:\/\/www.nyswingfling.com\/","date":"January 2019"},"result":"3"}]}}}}
{"type":"dancer","dancer":{"id":18005,"first_name":"Dorothee","last_name":"Fau","wscid":18335},"level":{"required":"NOV","allowed":"NOV","reason":""},"placements":{"West Coast Swing":{"NOV":{"division":{"id":4,"name":"Novice","abbreviation":"NOV"},"total_points":2,"competitions":[{"role":"follower","points":1,"event":{"id":272,"name":"Paris Westie Fest","location":"Paris, France","url":"http:\/\/pariswestiefest.com\/?lang=en","date":"February 2019"},"result":"F"},{"role":"follower","points":1,"event":{"id":214,"name":"New Year's Swing Fling","location":"London, UK","url":"https:\/\/www.nyswingfling.com\/","date":"January 2019"},"result":"F"}]}}}}
{"type":"dancer","dancer":{"id":18006,"first_name":"Nicola","last_name":"Guderley","wscid":18336},"level":{"required":"NOV","allowed":"NOV","reason":""},"placements":{"West Coast Swing":{"NOV":{"division":{"id":4,"name":"Novice","abbreviation":"NOV"},"total_points":1,"competitions":[{"role":"follower","points":1,"event":{"id":214,"name":"New Year's Swing Fling","location":"London, UK","url":"https:\/\/www.nyswingfling.com\/","date":"January 2019"},"result":"F"}]}}}}
{"type":"dancer","dancer":{"id":18007,"first_name":"Mike","last_name":"Mangum","wscid":18337},"level":{"required":"NOV","allowed":"NOV","reason":""},"placements":{"West Coast Swing":{"NOV":{"division":{"id":4,"name":"Novice","abbreviation":"NOV"},"total_points":12,"competitions":[{"role":"leader","points":12,"event":{"id":200,"name":"Austin Swing Dance Championships","location":"Austin, TX","url":"http:\/\/www.austinswing.com\/","date":"January 2019"},"result":"2"}]}}}}
{"type":"dancer","dancer":{"id":18008,"first_name":"Loui","last_name":"Moreno","wscid":18338},"level":{"required":"INT","allowed":"INT","reason":""},"placements":{"West Coast Swing":{"INT":{"division":{"id":5,"name":"Intermediate","abbreviation":"INT"},"total_points":4,"competitions":[{"role":"leader","points":4,"event":{"id":301,"name":"Swing Resolution","location":"Edinburgh, Scotland","url":"http:\/\/www.swingresolution.com\/","date":"January 2019"},"result":"2"}]},"NOV":{"division":{"id":4,"name":"Novice","abbreviation":"NOV"},"total_points":6,"competitions":[{"role":"leader","points":6,"event":{"id":200,"name":"Austin Swing Dance Championships","location":"Austin, TX","url":"http:\/\/www.austinswing.com\/","date":"January 2019"},"result":"5"}]}}}}
{"type":"dancer","dancer":{"id":18009,"first_name":"Sean","last_name":"Prendergast","wscid":18339},"level":{"required":"NOV","allowed":"NOV","reason":""},"placements":{"West Coast Swing":{"NOV":{"division":{"id":4,"name":"Novice","abbreviation":"NOV"},"total_points":1,"competitions":[{"role":"leader","points":1,"event":{"id":200,"name":"Austin Swing Dance Championships","location":"Austin, TX","url":"http:\/\/www.austinswing.com\/","date":"January 2019"},"result":"F"}]}}}}
{"type":"dancer","dancer":{"id":18010,"first_name":"Chris","last_name":"Uza","wscid":18340},"level":{"required":"NOV","allowed":"NOV","reason":""},"placements":{"West Coast Swing":{"NOV":{"division":{"id":4,"name":"Novice","abbreviation":"NOV"},"total_points":1,"competitions":[{"role":"leader","points":1,"event":{"id":200,"name":"Austin Swing Dance Championships","location":"Austin, TX","url":"http:\/\/www.austinswing.com\/","date":"January 2019"},"result":"F"}]}}}}
{"type":"dancer","dancer":{"id":18011,"first_name":"Alexandria","last_name":"Marotta","wscid":18341},"level":{"required":"NOV","allowed":"NOV","reason":""},"placements":{"West Coast Swing":{"NOV":{"division":{"id":4,"name":"Novice","abbreviation":"NOV"},"total_points":2,"competitions":[{"role":"follower","points":2,"event":{"id":200,"name":"Austin Swing Dance Championships","location":"Austin, TX","url":"http:\/\/www.austinswing.com\/","date":"January 2019"},"result":"F"}]}}}}
{"type":"dancer","dancer":{"id":18012,"first_name":"Jordan","last_name":"Cline","wscid":18342},"level":{"required":"NOV","allowed":"NOV","reason":""},"placements":{"West Coast Swing":{"NOV":{"division":{"id":4,"name":"Novice","abbreviation":"NOV"},"total_points":2,"competitions":[{"role":"follower","points":2,"event":{"id":200,"name":"Austin Swing Dance Championships","location":"Austin, TX","url":"http:\/\/www.austinswing.com\/","date":"January 2019"},"result":"F"}]}}}}
{"type":"dancer","dancer":{"id":18013,"first_name":"Rachel","last_name":"Bond","wscid":18343},"level":{"required":"NOV","allowed":"NOV","reason":""},"placements":{"West Coast Swing":{"NOV":{"division":{"id":4,"name":"Novice","abbreviation":"NOV"},"total_points":2,"competitions":[{"role":"follower","points":2,"event":{"id":200,"name":"Austin Swing Dance Championships","location":"Austin, TX","url":"http:\/\/www.austinswing.com\/","date":"January 2019"},"result":"F"}]}}}}
{"type":"dancer","dancer":{"id":18014,"first_name":"Austin","last_name":"Layne","wscid":18344},"level":{"required":"NOV","allowed":"NOV","reason":""},"placements":{"West Coast Swing":{"NOV":{"division":{"id":4,"name":"Novice","abbreviation":"NOV"},"total_points":1,"competitions":[{"role":"leader","points":1,"event":{"id":200,"name":"Austin Swing Dance Championships","location":"Austin, TX","url":"http:\/\/www.austinswing.com\/","date":"January 2019"},"result":"F"}]}}}}
{"type":"dancer","dancer":{"id":18015,"first_name":"Meagan","last_name":"Walker","wscid":18345},"level":{"required":"NOV","allowed":"NOV","reason":""},"placements":{"West Coast Swing":{"NOV":{"division":{"id":4,"name":"Novice","abbreviation":"NOV"},"total_points":2,"competitions":[{"role":"follower","points":2,"event":{"id":200,"name":"Austin Swing Dance Championships","location":"Austin, TX","url":"http:\/\/www.austinswing.com\/","date":"January 2019"},"result":"F"}]}}}}
{"type":"dancer","dancer":{"id":18016,"first_name":"Peter","last_name":"Chen","wscid":18346},"level":{"required":"NEW","allowed":"NOV","reason":""},"placements":{"West Coast Swing":{"NEW":{"division":{"id":3,"name":"Newcomer","abbreviation":"NEW"},"total_points":6,"competitions":[{"role":"leader","points":6,"event":{"id":196,"name":"SwingCouver","location":"Vancouver, Canada","url":"http:\/\/www.swingcouver.com","date":"January 2019"},"result":"1"}]}}}}
{"type":"dancer","dancer":{"id":18017,"first_name":"Natasha","last_name":"Woloschuk","wscid":18347},"level":{"required":"NEW","allowed":"NOV","reason":""},"placements":{"West Coast Swing":{"NEW":{"division":{"id":3,"name":"Newcomer","abbreviation":"NEW"},"total_points":6,"competitions":[{"role":"follower","points":6,"event":{"id":196,"name":"SwingCouver","location":"Vancouver, Canada","url":"http:\/\/www.swingcouver.com","date":"January 2019"},"result":"1"}]}}}}
{"type":"dancer","dancer":{"id":18018,"first_name":"Jonathan","last_name":"Hsieh","wscid":18348},"level":{"required":"NEW","allowed":"NOV","reason":""},"placements":{"West Coast Swing":{"NEW":{"division":{"id":3,"name":"Newcomer","abbreviation":"NEW"},"total_points":4,"competitions":[{"role":"leader","points":4,"event":{"id":196,"name":"SwingCouver","location":"Vancouver, Canada","url":"http:\/\/www.swingcouver.com","date":"January 2019"},"result":"2"}]}}}}
{"type":"dancer","dancer":{"id":18019,"first_name":"Olivia","last_name":"Walker","wscid":18349},"level":{"required":"NEW","allowed":"NOV","reason":""},"placements":{"West Coast Swing":{"NEW":{"division":{"id":3,"name":"Newcomer","abbreviation":"NEW"},"total_points":4,"competitions":[{"role":"follower","points":4,"event":{"id":196,"name":"SwingCouver","location":"Vancouver, Canada","url":"http:\/\/www.swingcouver.com","date":"January 2019"},"result":"2"}]}}}}
{"type":"dancer","dancer":{"id":18020,"first_name":"James","last_name":"Bastian","wscid":18350},"level":{"required":"NEW","allowed":"NOV","reason":""},"placements":{"West Coast Swing":{"NEW":{"division":{"id":3,"name":"Newcomer","abbreviation":"NEW"},"total_points":3,"competitions":[{"role":"leader","points":3,"event":{"id":196,"name":"SwingCouver","location":"Vancouver, Canada","url":"http:\/\/www.swingcouver.com","date":"January 2019"},"result":"3"}]}}}}
{"type":"dancer","dancer":{"id":18021,"first_name":"Mariet","last_name":"Mintchev","wscid":18351},"level":{"required":"NEW","allowed":"NOV","reason":""},"placements":{"West Coast Swing":{"NEW":{"division":{"id":3,"name":"Newcomer","abbreviation":"NEW"},"total_points":3,"competitions":[{"role":"follower","points":3,"event":{"id":196,"name":"SwingCouver","location":"Vancouver, Canada","url":"http:\/\/www.swingcouver.com","date":"January 2019"},"result":"3"}]}}}}
{"type":"dancer","dancer":{"id":18022,"first_name":"Philippe","last_name":"Leger","wscid":18352},"level":{"required":"NEW","allowed":"NOV","reason":""},"placements":{"West Coast Swing":{"NEW":{"division":{"id":3,"name":"Newcomer","abbreviation":"NEW"},"total_points":2,"competitions":[{"role":"leader","points":2,"event":{"id":196,"name":"SwingCouver","location":"Vancouver, Canada","url":"http:\/\/www.swingcouver.com","date":"January 2019"},"result":"4"}]}}}}
{"type":"dancer","dancer":{"id":18023,"first_name":"Helen","last_name":"Percival","wscid":18353},"level":{"required":"NEW","allowed":"NOV","reason":""},"placements":{"West Coast Swing":{"NEW":{"division":{"id":3,"name":"Newcomer","abbreviation":"NEW"},"total_points":2,"competitions":[{"role":"follower","points":2,"event":{"id":196,"name":"SwingCouver","location":"Vancouver, Canada","url":"http:\/\/www.swingcouver.com","date":"January 2019"},"result":"4"}]}}}}
{"type":"dancer","dancer":{"id":18024,"first_name":"Cassandra","last_name":"Lim","wscid":18354},"level":{"required":"NEW","allowed":"NOV","reason":""},"placements":{"West Coast Swing":{"NEW":{"division":{"id":3,"name":"Newcomer","abbreviation":"NEW"},"total_points":1,"competitions":[{"role":"leader","points":1,"event":{"id":196,"name":"SwingCouver","location":"Vancouver, Canada","url":"http:\/\/www.swingcouver.com","date":"January 2019"},"result":"5"}]}}}}
{"type":"dancer","dancer":{"id":18025,"first_name":"Linda","last_name":"Dupuis","wscid":18355},"level":{"required":"NEW","allowed":"NOV","reason":""},"placements":{"West Coast Swing":{"NEW":{"division":{"id":3,"name":"Newcomer","abbreviation":"NEW"},"total_points":1,"competitions":[{"role":"follower","points":1,"event":{"id":196,"name":"SwingCouver","location":"Vancouver, Canada","url":"http:\/\/www.swingcouver.com","date":"January 2019"},"result":"5"}]}}}}
{"type":"dancer","dancer":{"id":18026,"first_name":"Joshua","last_name":"Shade","wscid":18356},"level":{"required":"NOV","allowed":"NOV","reason":""},"placements":{"West Coast Swing":{"NOV":{"division":{"id":4,"name":"Novice","abbreviation":"NOV"},"total_points":6,"competitions":[{"role":"leader","points":6,"event":{"id":196,"name":"SwingCouver","location":"Vancouver, Canada","url":"http:\/\/www.swingcouver.com","date":"January 2019"},"result":"3"}]}}}}
{"type":"dancer","dancer":{"id":18027,"first_name":"Derek","last_name":"Yadlowski","wscid":18357},"level":{"required":"NOV","allowed":"NOV","reason":""},"placements":{"West Coast Swing":{"NOV":{"division":{"id":4,"name":"Novice","abbreviation":"NOV"},"total_points":1,"competitions":[{"role":"leader","points":1,"event":{"id":196,"name":"SwingCouver","location":"Vancouver, Canada","url":"http:\/\/www.swingcouver.com","date":"January 2019"},"result":"F"}]}}}}
{"type":"dancer","dancer":{"id":18028,"first_name":"Joe","last_name":"Gray","wscid":18358},"level":{"required":"NOV","allowed":"NOV","reason":""},"placements":{"West Coast Swing":{"NOV":{"division":{"id":4,"name":"Novice","abbreviation":"NOV"},"total_points":1,"competitions":[{"role":"leader","points":1,"event":{"id":196,"name":"SwingCouver","location":"Vancouver, Canada","url":"http:\/\/www.swingcouver.com","date":"January 2019"},"result":"F"}]}}}}
{"type":"dancer","dancer":{"id":18029,"first_name":"Jennifer","last_name":"Liu","wscid":18359},"level":{"required":"NOV","allowed":"NOV","reason":""},"placements":{"West Coast Swing":{"NOV":{"division":{"id":4,"name":"Novice","abbreviation":"NOV"},"total_points":1,"competitions":[{"role":"follower","points":1,"event":{"id":196,"name":"SwingCouver","location":"Vancouver, Canada","url":"http:\/\/www.swingcouver.com","date":"January 2019"},"result":"F"}]}}}}
{"type":"dancer","dancer":{"id":18030,"first_name":"Coriann","last_name":"Matthews","wscid":18360},"level":{"required":"NOV","allowed":"NOV","reason":""},"placements":{"West Coast Swing":{"NOV":{"division":{"id":4,"name":"Novice","abbreviation":"NOV"},"total_points":1,"competitions":[{"role":"follower","points":1,"event":{"id":196,"name":"SwingCouver","location":"Vancouver, Canada","url":"http:\/\/www.swingcouver.com","date":"January 2019"},"result":"F"}]}}}}
{"type":"dancer","dancer":{"id":18031,"first_name":"Alex","last_name":"Hemingway","wscid":18361},"level":{"required":"NEW","allowed":"NOV","reason":""},"placements":{"West Coast Swing":{"MSTR":{"division":{"id":2,"name":"Masters","abbreviation":"MSTR"},"total_points":2,"competitions":[{"role":"leader","points":2,"event":{"id":196,"name":"SwingCouver","location":"Vancouver, Canada","url":"http:\/\/www.swingcouver.com","date":"January 2019"},"result":"4"}]}}}}
{"type":"dancer","dancer":{"id":18032,"first_name":"Marie-Aline","last_name":"Toubon","wscid":18362},"level":{"required":"NOV","allowed":"NOV","reason":""},"placements":{"West Coast Swing":{"NOV":{"division":{"id":4,"name":"Novice","abbreviation":"NOV"},"total_points":10,"competitions":[{"role":"follower","points":10,"event":{"id":301,"name":"Swing Resolution","location":"Edinburgh, Scotland","url":"http:\/\/www.swingresolution.com\/","date":"January 2019"},"result":"1"}]}}}}
{"type":"dancer","dancer":{"id":18033,"first_name":"Sophie","last_name":"Genne","wscid":18363},"level":{"required":"NOV","allowed":"NOV","reason":""},"placements":{"West Coast Swing":{"NOV":{"division":{"id":4,"name":"Novice","abbreviation":"NOV"},"total_points":1,"competitions":[{"role":"follower","points":1,"event":{"id":301,"name":"Swing Resolution","location":"Edinburgh, Scotland","url":"http:\/\/www.swingresolution.com\/","date":"January 2019"},"result":"F"}]}}}}
{"type":"dancer","dancer":{"id":18034,"first_name":"Suzzanne","last_name":" Berson","wscid":18364},"level":{"required":"NEW","allowed":"NOV","reason":""},"placements":{"West Coast Swing":{"MSTR":{"division":{"id":2,"name":"Masters","abbreviation":"MSTR"},"total_points":2,"competitions":[{"role":"follower","points":2,"event":{"id":301,"name":"Swing Resolution","location":"Edinburgh, Scotland","url":"http:\/\/www.swingresolution.com\/","date":"January 2019"},"result":"2"}]}}}}
{"type":"dancer","dancer":{"id":18035,"first_name":"Blake","last_name":"Skeets","wscid":18365},"level":{"required":"NEW","allowed":"NOV","reason":""},"placements":{"West Coast Swing":{"NEW":{"division":{"id":3,"name":"Newcomer","abbreviation":"NEW"},"total_points":6,"competitions":[{"role":"leader","points":6,"event":{"id":242,"name":"Derby City Swing","location":"Louisville, KY","url":"https:\/\/derbycityswing.com\/","date":"January 2019"},"result":"1"}]}}}}
{"type":"dancer","dancer":{"id":18036,"first_name":"Kimberly","last_name":"Robertson","wscid":18366},"level":{"required":"NEW","allowed":"NOV","reason":""},"placements":{"West Coast Swing":{"NEW":{"division":{"id":3,"name":"Newcomer","abbreviation":"NEW"},"total_points":10,"competitions":[{"role":"follower","points":10,"event":{"id":242,"name":"Derby City Swing","location":"Louisville, KY","url":"https:\/\/derbycityswing.com\/","date":"January 2019"},"result":"1"}]}}}}
{"type":"dancer","dancer":{"id":18037,"first_name":"Randall","last_name":"Peake","wscid":18367},"level":{"required":"NEW","allowed":"NOV","reason":""},"placements":{"West Coast Swing":{"NEW":{"division":{"id":3,"name":"Newcomer","abbreviation":"NEW"},"total_points":4,"competitions":[{"role":"leader","points":4,"event":{"id":242,"name":"Derby City Swing","location":"Louisville, KY","url":"https:\/\/derbycityswing.com\/","date":"January 2019"},"result":"2"}]}}}}
{"type":"dancer","dancer":{"id":18038,"first_name":"Paulina","last_name":"Rosequist","wscid":18368},"level":{"required":"NEW","allowed":"NOV","reason":""},"placements":{"West Coast Swing":{"NEW":{"division":{"id":3,"name":"Newcomer","abbreviation":"NEW"},"total_points":8,"competitions":[{"role":"follower","points":8,"event":{"id":242,"name":"Derby City Swing","location":"Louisville, KY","url":"https:\/\/derbycityswing.com\/","date":"January 2019"},"result":"2"}]}}}}
{"type":"dancer","dancer":{"id":18039,"first_name":"William","last_name":"Vagedes","wscid":18369},"level":{"required":"NEW","allowed":"NOV","reason":""},"placements":{"West Coast Swing":{"NEW":{"division":{"id":3,"name":"Newcomer","abbreviation":"NEW"},"total_points":3,"competitions":[{"role":"leader","points":3,"event":{"id":242,"name":"Derby City Swing","location":"Louisville, KY","url":"https:\/\/derbycityswing.com\/","date":"January 2019"},"result":"3"}]}}}}
{"type":"dancer","dancer":{"id":18040,"first_name":"Liliana","last_name":"Piplica","wscid":18370},"level":{"required":"NEW","allowed":"NOV","reason":""},"placements":{"West Coast Swing":{"NEW":{"division":{"id":3,"name":"Newcomer","abbreviation":"NEW"},"total_points":6,"competitions":[{"role":"follower","points":6,"event":{"id":242,"name":"Derby City Swing","location":"Louisville, KY","url":"https:\/\/derbycityswing.com\/","date":"January 2019"},"result":"3"}]}}}}
{"type":"dancer","dancer":{"id":18041,"first_name":"David","last_name":"Bolton","wscid":18371},"level":{"required":"NEW","allowed":"NOV","reason":""},"placements":{"West Coast Swing":{"NEW":{"division":{"id":3,"name":"Newcomer","abbreviation":"NEW"},"total_points":2,"competitions":[{"role":"leader","points":2,"event":{"id":242,"name":"Derby City Swing","location":"Louisville, KY","url":"https:\/\/derbycityswing.com\/","date":"January 2019"},"result":"4"}]}}}}
{"type":"dancer","dancer":{"id":18042,"first_name":"Courtney","last_name":"Cotton","wscid":18372},"level":{"required":"NEW","allowed":"NOV","reason":""},"placements":{"West Coast Swing":{"NEW":{"division":{"id":3,"name":"Newcomer","abbreviation":"NEW"},"total_points":4,"competitions":[{"role":"follower","points":4,"event":{"id":242,"name":"Derby City Swing","location":"Louisville, KY","url":"https:\/\/derbycityswing.com\/","date":"January 2019"},"result":"4"}]}}}}
{"type":"dancer","dancer":{"id":18043,"first_name":"Frank","last_name":"Soukup","wscid":18373},"level":{"required":"NEW","allowed":"NOV","reason":""},"placements":{"West Coast Swing":{"NEW":{"division":{"id":3,"name":"Newcomer","abbreviation":"NEW"},"total_points":1,"competitions":[{"role":"leader","points":1,"event":{"id":242,"name":"Derby City Swing","location":"Louisville, KY","url":"https:\/\/derbycityswing.com\/","date":"January 2019"},"result":"5"}]}}}}
{"type":"dancer","dancer":{"id":18044,"first_name":"Yvonne","last_name":"DeWalk","wscid":18374},"level":{"required":"NEW","allowed":"NOV","reason":""},"placements":{"West Coast Swing":{"NEW":{"division":{"id":3,"name":"Newcomer","abbreviation":"NEW"},"total_points":2,"competitions":[{"role":"follower","points":2,"event":{"id":242,"name":"Derby City Swing","location":"Louisville, KY","url":"https:\/\/derbycityswing.com\/","date":"January 2019"},"result":"5"}]}}}}
{"type":"dancer","dancer":{"id":18045,"first_name":"Linda","last_name":"Soukup","wscid":18375},"level":{"required":"NEW","allowed":"NOV","reason":""},"placements":{"West Coast Swing":{"NEW":{"division":{"id":3,"name":"Newcomer","abbreviation":"NEW"},"total_points":1,"competitions":[{"role":"follower","points":1,"event":{"id":242,"name":"Derby City Swing","location":"Louisville, KY","url":"https:\/\/derbycityswing.com\/","date":"January 2019"},"result":"F"}]}}}}
{"type":"dancer","dancer":{"id":18046,"first_name":"Megan","last_name":"Hollified","wscid":18376},"level":{"required":"NEW","allowed":"NOV","reason":""},"placements":{"West Coast Swing":{"NEW":{"division":{"id":3,"name":"Newcomer","abbreviation":"NEW"},"total_points":1,"competitions":[{"role":"follower","points":1,"event":{"id":242,"name":"Derby City Swing","location":"Louisville, KY","url":"https:\/\/derbycityswing.com\/","date":"January 2019"},"result":"F"}]}}}}
{"type":"dancer","dancer":{"id":18047,"first_name":"Marcia","last_name":"Ferreira","wscid":18377},"level":{"required":"NEW","allowed":"NOV","reason":""},"placements":{"West Coast Swing":{"NEW":{"division":{"id":3,"name":"Newcomer","abbreviation":"NEW"},"total_points":1,"competitions":[{"role":"follower","points":1,"event":{"id":242,"name":"Derby City Swing","location":"Louisville, KY","url":"https:\/\/derbycityswing.com\/","date":"January 2019"},"result":"F"}]}}}}
{"type":"dancer","dancer":{"id":18048,"first_name":"Paige","last_name":"Wills","wscid":18378},"level":{"required":"NEW","allowed":"NOV","reason":""},"placements":{"West Coast Swing":{"NEW":{"division":{"id":3,"name":"Newcomer","abbreviation":"NEW"},"total_points":1,"competitions":[{"role":"follower","points":1,"event":{"id":242,"name":"Derby City Swing","location":"Louisville, KY","url":"https:\/\/derbycityswing.com\/","date":"January 2019"},"result":"F"}]}}}}
{"type":"dancer","dancer":{"id":18049,"first_name":"Annelise","last_name":"Werme","wscid":18379},"level":{"required":"NEW","allowed":"NOV","reason":""},"placements":{"West Coast Swing":{"NEW":{"division":{"id":3,"name":"Newcomer","abbreviation":"NEW"},"total_points":1,"competitions":[{"role":"follower","points":1,"event":{"id":242,"name":"Derby City Swing","location":"Louisville, KY","url":"https:\/\/derbycityswing.com\/","date":"January 2019"},"result":"F"}]}}}}
{"type":"dancer","dancer":{"id":18050,"first_name":"Tammy","last_name":"Bailey","wscid":18380},"level":{"required":"NEW","allowed":"NOV","reason":""},"placements":{"West Coast Swing":{"NEW":{"division":{"id":3,"name":"Newcomer","abbreviation":"NEW"},"total_points":1,"competitions":[{"role":"follower","points":1,"event":{"id":242,"name":"Derby City Swing","location":"Louisville, KY","url":"https:\/\/derbycityswing.com\/","date":"January 2019"},"result":"F"}]}}}}
{"type":"dancer","dancer":{"id":18051,"first_name":"Laura","last_name":"Smith","wscid":18381},"level":{"required":"NEW","allowed":"NOV","reason":""},"placements":{"West Coast Swing":{"NEW":{"division":{"id":3,"name":"Newcomer","abbreviation":"NEW"},"total_points":1,"competitions":[{"role":"follower","points":1,"event":{"id":242,"name":"Derby City Swing","location":"Louisville, KY","url":"https:\/\/derbycityswing.com\/","date":"January 2019"},"result":"F"}]}}}}
{"type":"dancer","dancer":{"id":18052,"first_name":"Ashley","last_name":"Castillo","wscid":18382},"level":{"required":"NOV","allowed":"NOV","reason":""},"placements":{"West Coast Swing":{"NOV":{"division":{"id":4,"name":"Novice","abbreviation":"NOV"},"total_points":12,"competitions":[{"role":"follower","points":12,"event":{"id":242,"name":"Derby City Swing","location":"Louisville, KY","url":"https:\/\/derbycityswing.com\/","date":"January 2019"},"result":"2"}]}}}}
{"type":"dancer","dancer":{"id":18053,"first_name":"Sarah","last_name":"Prather","wscid":18383},"level":{"required":"NOV","allowed":"NOV","reason":""},"placements":{"West Coast Swing":{"NOV":{"division":{"id":4,"name":"Novice","abbreviation":"NOV"},"total_points":1,"competitions":[{"role":"follower","points":1,"event":{"id":242,"name":"Derby City Swing","location":"Louisville, KY","url":"https:\/\/derbycityswing.com\/","date":"January 2019"},"result":"F"}]}}}}
{"type":"dancer","dancer":{"id":18054,"first_name":"Michele","last_name":"Owen","wscid":18384},"level":{"required":"NOV","allowed":"NOV","reason":""},"placements":{"West Coast Swing":{"NOV":{"division":{"id":4,"name":"Novice","abbreviation":"NOV"},"total_points":1,"competitions":[{"role":"follower","points":1,"event":{"id":242,"name":"Derby City Swing","location":"Louisville, KY","url":"https:\/\/derbycityswing.com\/","date":"January 2019"},"result":"F"}]}}}}
{"type":"dancer","dancer":{"id":18055,"first_name":"H.A.","last_name":"Schiavone","wscid":18385},"level":{"required":"NOV","allowed":"NOV","reason":""},"placements":{"West Coast Swing":{"NOV":{"division":{"id":4,"name":"Novice","abbreviation":"NOV"},"total_points":1,"competitions":[{"role":"follower","points":1,"event":{"id":242,"name":"Derby City Swing","location":"Louisville, KY","url":"https:\/\/derbycityswing.com\/","date":"January 2019"},"result":"F"}]}}}}
{"type":"dancer","dancer":{"id":18056,"first_name":"Simon","last_name":"Pannek","wscid":18386},"level":{"required":"NEW","allowed":"NOV","reason":""},"placements":{"West Coast Swing":{"NEW":{"division":{"id":3,"name":"Newcomer","abbreviation":"NEW"},"total_points":6,"competitions":[{"role":"leader","points":6,"event":{"id":291,"name":"Municorn Swing","location":"Munich, Germany","url":"https:\/\/municornswing.com\/","date":"January 2019"},"result":"1"}]}}}}
{"type":"dancer","dancer":{"id":18057,"first_name":"Anna","last_name":"Lambacher","wscid":18387},"level":{"required":"NEW","allowed":"NOV","reason":""},"placements":{"West Coast Swing":{"NEW":{"division":{"id":3,"name":"Newcomer","abbreviation":"NEW"},"total_points":6,"competitions":[{"role":"follower","points":6,"event":{"id":291,"name":"Municorn Swing","location":"Munich, Germany","url":"https:\/\/municornswing.com\/","date":"January 2019"},"result":"1"}]}}}}
{"type":"dancer","dancer":{"id":18058,"first_name":"Stefan ","last_name":"Brucker","wscid":18388},"level":{"required":"NEW","allowed":"NOV","reason":""},"placements":{"West Coast Swing":{"NEW":{"division":{"id":3,"name":"Newcomer","abbreviation":"NEW"},"total_points":4,"competitions":[{"role":"leader","points":4,"event":{"id":291,"name":"Municorn Swing","location":"Munich, Germany","url":"https:\/\/municornswing.com\/","date":"January 2019"},"result":"2"}]}}}}
{"type":"dancer","dancer":{"id":18059,"first_name":"Brigitte","last_name":"Kessler","wscid":18389},"level":{"required":"NEW","allowed":"NOV","reason":""},"placements":{"West Coast Swing":{"NEW":{"division":{"id":3,"name":"Newcomer","abbreviation":"NEW"},"total_points":4,"competitions":[{"role":"follower","points":4,"event":{"id":291,"name":"Municorn Swing","location":"Munich, Germany","url":"https:\/\/municornswing.com\/","date":"January 2019"},"result":"2"}]}}}}
{"type":"dancer","dancer":{"id":18060,"first_name":"Michael","last_name":"Winkler","wscid":18390},"level":{"required":"NEW","allowed":"NOV","reason":""},"placements":{"West Coast Swing":{"NEW":{"division":{"id":3,"name":"Newcomer","abbreviation":"NEW"},"total_points":3,"competitions":[{"role":"leader","points":3,"event":{"id":291,"name":"Municorn Swing","location":"Munich, Germany","url":"https:\/\/municornswing.com\/","date":"January 2019"},"result":"3"}]}}}}
{"type":"dancer","dancer":{"id":18061,"first_name":"Verena","last_name":"Obermaier","wscid":18391},"level":{"required":"NEW","allowed":"NOV","reason":""},"placements":{"West Coast Swing":{"NEW":{"division":{"id":3,"name":"Newcomer","abbreviation":"NEW"},"total_points":3,"competitions":[{"role":"follower","points":3,"event":{"id":291,"name":"Municorn Swing","location":"Munich, Germany","url":"https:\/\/municornswing.com\/","date":"January 2019"},"result":"3"}]}}}}
{"type":"dancer","dancer":{"id":18062,"first_name":"Florian","last_name":"Kirschner","wscid":18392},"level":{"required":"NEW","allowed":"NOV","reason":""},"placements":{"West Coast Swing":{"NEW":{"division":{"id":3,"name":"Newcomer","abbreviation":"NEW"},"total_points":2,"competitions":[{"role":"leader","points":2,"event":{"id":291,"name":"Municorn Swing","location":"Munich, Germany","url":"https:\/\/municornswing.com\/","date":"January 2019"},"result":"4"}]}}}}
{"type":"dancer","dancer":{"id":18063,"first_name":"Elena","last_name":"Reich","wscid":18393},"level":{"required":"NEW","allowed":"NOV","reason":""},"placements":{"West Coast Swing":{"NEW":{"division":{"id":3,"name":"Newcomer","abbreviation":"NEW"},"total_points":2,"competitions":[{"role":"follower","points":2,"event":{"id":291,"name":"Municorn Swing","location":"Munich, Germany","url":"https:\/\/municornswing.com\/","date":"January 2019"},"result":"4"}]}}}}
{"type":"dancer","dancer":{"id":18064,"first_name":"Viktor","last_name":"Benks","wscid":18394},"level":{"required":"NEW","allowed":"NOV","reason":""},"placements":{"West Coast Swing":{"NEW":{"division":{"id":3,"name":"Newcomer","abbreviation":"NEW"},"total_points":1,"competitions":[{"role":"leader","points":1,"event":{"id":291,"name":"Municorn Swing","location":"Munich, Germany","url":"https:\/\/municornswing.com\/","date":"January 2019"},"result":"5"}]}}}}
{"type":"dancer","dancer":{"id":18065,"first_name":"Lisa","last_name":"Collins","wscid":18395},"level":{"required":"NEW","allowed":"NOV","reason":""},"placements":{"West Coast Swing":{"NEW":{"division":{"id":3,"name":"Newcomer","abbreviation":"NEW"},"total_points":1,"competitions":[{"role":"follower","points":1,"event":{"id":291,"name":"Municorn Swing","location":"Munich, Germany","url":"https:\/\/municornswing.com\/","date":"January 2019"},"result":"5"}]}}}}
{"type":"dancer","dancer":{"id":18066,"first_name":"Nikita","last_name":"Kavokine","wscid":18396},"level":{"required":"NEW","allowed":"NOV","reason":""},"placements":{"West Coast Swing":{"NEW":{"division":{"id":3,"name":"Newcomer","abbreviation":"NEW"},"total_points":3,"competitions":[{"role":"leader","points":3,"event":{"id":272,"name":"Paris Westie Fest","location":"Paris, France","url":"http:\/\/pariswestiefest.com\/?lang=en","date":"February 2019"},"result":"1"}]}}}}
{"type":"dancer","dancer":{"id":18067,"first_name":"Amandine ","last_name":"Royer","wscid":18397},"level":{"required":"NEW","allowed":"NOV","reason":""},"placements":{"West Coast Swing":{"NEW":{"division":{"id":3,"name":"Newcomer","abbreviation":"NEW"},"total_points":6,"competitions":[{"role":"follower","points":6,"event":{"id":272,"name":"Paris Westie Fest","location":"Paris, France","url":"http:\/\/pariswestiefest.com\/?lang=en","date":"February 2019"},"result":"1"}]}}}}
{"type":"dancer","dancer":{"id":18068,"first_name":"Cyril","last_name":"Duchon-Doris","wscid":18398},"level":{"required":"NEW","allowed":"NOV","reason":""},"placements":{"West Coast Swing":{"NEW":{"division":{"id":3,"name":"Newcomer","abbreviation":"NEW"},"total_points":2,"competitions":[{"role":"leader","points":2,"event":{"id":272,"name":"Paris Westie Fest","location":"Paris, France","url":"http:\/\/pariswestiefest.com\/?lang=en","date":"February 2019"},"result":"2"}]}}}}
{"type":"dancer","dancer":{"id":18069,"first_name":"Emmanuelle","last_name":"Hamon","wscid":18399},"level":{"required":"NEW","allowed":"NOV","reason":""},"placements":{"West Coast Swing":{"NEW":{"division":{"id":3,"name":"Newcomer","abbreviation":"NEW"},"total_points":4,"competitions":[{"role":"follower","points":4,"event":{"id":272,"name":"Paris Westie Fest","location":"Paris, France","url":"http:\/\/pariswestiefest.com\/?lang=en","date":"February 2019"},"result":"2"}]}}}}
{"type":"dancer","dancer":{"id":18070,"first_name":"Philippe","last_name":"Lam","wscid":18400},"level":{"required":"NEW","allowed":"NOV","reason":""},"placements":{"West Coast Swing":{"NEW":{"division":{"id":3,"name":"Newcomer","abbreviation":"NEW"},"total_points":1,"competitions":[{"role":"leader","points":1,"event":{"id":272,"name":"Paris Westie Fest","location":"Paris, France","url":"http:\/\/pariswestiefest.com\/?lang=en","date":"February 2019"},"result":"3"}]}}}}
{"type":"dancer","dancer":{"id":18071,"first_name":"Llorca","last_name":"Emilie","wscid":18401},"level":{"required":"NEW","allowed":"NOV","reason":""},"placements":{"West Coast Swing":{"NEW":{"division":{"id":3,"name":"Newcomer","abbreviation":"NEW"},"total_points":3,"competitions":[{"role":"follower","points":3,"event":{"id":272,"name":"Paris Westie Fest","location":"Paris, France","url":"http:\/\/pariswestiefest.com\/?lang=en","date":"February 2019"},"result":"3"}]}}}}
{"type":"dancer","dancer":{"id":18072,"first_name":"Laurence","last_name":"Madamet","wscid":18402},"level":{"required":"NEW","allowed":"NOV","reason":""},"placements":{"West Coast Swing":{"NEW":{"division":{"id":3,"name":"Newcomer","abbreviation":"NEW"},"total_points":2,"competitions":[{"role":"follower","points":2,"event":{"id":272,"name":"Paris Westie Fest","location":"Paris, France","url":"http:\/\/pariswestiefest.com\/?lang=en","date":"February 2019"},"result":"4"}]}}}}
{"type":"dancer","dancer":{"id":18073,"first_name":"Margaux","last_name":"Guerin","wscid":18403},"level":{"required":"NEW","allowed":"NOV","reason":""},"placements":{"West Coast Swing":{"NEW":{"division":{"id":3,"name":"Newcomer","abbreviation":"NEW"},"total_points":1,"competitions":[{"role":"follower","points":1,"event":{"id":272,"name":"Paris Westie Fest","location":"Paris, France","url":"http:\/\/pariswestiefest.com\/?lang=en","date":"February 2019"},"result":"5"}]}}}}
{"type":"dancer","dancer":{"id":18074,"first_name":"Bruno","last_name":"Michit","wscid":18404},"level":{"required":"NOV","allowed":"NOV","reason":""},"placements":{"West Coast Swing":{"NOV":{"division":{"id":4,"name":"Novice","abbreviation":"NOV"},"total_points":10,"competitions":[{"role":"leader","points":10,"event":{"id":272,"name":"Paris Westie Fest","location":"Paris, France","url":"http:\/\/pariswestiefest.com\/?lang=en","date":"February 2019"},"result":"3"}]}}}}
{"type":"dancer","dancer":{"id":18075,"first_name":"Anna","last_name":"Masgrau","wscid":18405},"level":{"required":"NOV","allowed":"NOV","reason":""},"placements":{"West Coast Swing":{"NOV":{"division":{"id":4,"name":"Novice","abbreviation":"NOV"},"total_points":10,"competitions":[{"role":"follower","points":10,"event":{"id":272,"name":"Paris Westie Fest","location":"Paris, France","url":"http:\/\/pariswestiefest.com\/?lang=en","date":"February 2019"},"result":"3"}]}}}}
{"type":"dancer","dancer":{"id":18076,"first_name":"Aleksey","last_name":"Rudnev","wscid":18406},"level":{"required":"NEW","allowed":"NOV","reason":""},"placements":{"West Coast Swing":{"NEW":{"division":{"id":3,"name":"Newcomer","abbreviation":"NEW"},"total_points":6,"competitions":[{"role":"leader","points":6,"event":{"id":215,"name":"Swing & Snow","location":"St. Petersburg, Russia","url":"swingandsnow.ru","date":"February 2019"},"result":"1"}]}}}}
{"type":"dancer","dancer":{"id":18077,"first_name":"Tatyana","last_name":"Starostina","wscid":18407},"level":{"required":"NEW","allowed":"NOV","reason":""},"placements":{"West Coast Swing":{"NEW":{"division":{"id":3,"name":"Newcomer","abbreviation":"NEW"},"total_points":6,"competitions":[{"role":"follower","points":6,"event":{"id":215,"name":"Swing & Snow","location":"St. Petersburg, Russia","url":"swingandsnow.ru","date":"February 2019"},"result":"1"}]}}}}
{"type":"dancer","dancer":{"id":18078,"first_name":"Aleksey","last_name":"Larionov","wscid":18408},"level":{"required":"NEW","allowed":"NOV","reason":""},"placements":{"West Coast Swing":{"NEW":{"division":{"id":3,"name":"Newcomer","abbreviation":"NEW"},"total_points":4,"competitions":[{"role":"leader","points":4,"event":{"id":215,"name":"Swing & Snow","location":"St. Petersburg, Russia","url":"swingandsnow.ru","date":"February 2019"},"result":"2"}]}}}}
{"type":"dancer","dancer":{"id":18079,"first_name":"Daria","last_name":"Ivanova","wscid":18409},"level":{"required":"NEW","allowed":"NOV","reason":""},"placements":{"West Coast Swing":{"NEW":{"division":{"id":3,"name":"Newcomer","abbreviation":"NEW"},"total_points":4,"competitions":[{"role":"follower","points":4,"event":{"id":215,"name":"Swing & Snow","location":"St. Petersburg, Russia","url":"swingandsnow.ru","date":"February 2019"},"result":"2"}]}}}}
{"type":"dancer","dancer":{"id":18080,"first_name":"Dmitriy","last_name":"Kudlay","wscid":18410},"level":{"required":"NEW","allowed":"NOV","reason":""},"placements":{"West Coast Swing":{"NEW":{"division":{"id":3,"name":"Newcomer","abbreviation":"NEW"},"total_points":3,"competitions":[{"role":"leader","points":3,"event":{"id":215,"name":"Swing & Snow","location":"St. Petersburg, Russia","url":"swingandsnow.ru","date":"February 2019"},"result":"3"}]}}}}
{"type":"dancer","dancer":{"id":18081,"first_name":"Yekaterina","last_name":"Piir","wscid":18411},"level":{"required":"NEW","allowed":"NOV","reason":""},"placements":{"West Coast Swing":{"NEW":{"division":{"id":3,"name":"Newcomer","abbreviation":"NEW"},"total_points":3,"competitions":[{"role":"follower","points":3,"event":{"id":215,"name":"Swing & Snow","location":"St. Petersburg, Russia","url":"swingandsnow.ru","date":"February 2019"},"result":"3"}]}}}}
{"type":"dancer","dancer":{"id":18082,"first_name":"Aleksandr","last_name":"Dolgikh","wscid":18412},"level":{"required":"NEW","allowed":"NOV","reason":""},"placements":{"West Coast Swing":{"NEW":{"division":{"id":3,"name":"Newcomer","abbreviation":"NEW"},"total_points":2,"competitions":[{"role":"leader","points":2,"event":{"id":215,"name":"Swing & Snow","location":"St. Petersburg, Russia","url":"swingandsnow.ru","date":"February 2019"},"result":"4"}]}}}}
{"type":"dancer","dancer":{"id":18083,"first_name":"Vitaliy","last_name":"Ryndin","wscid":18413},"level":{"required":"NEW","allowed":"NOV","reason":""},"placements":{"West Coast Swing":{"NEW":{"division":{"id":3,"name":"Newcomer","abbreviation":"NEW"},"total_points":1,"competitions":[{"role":"leader","points":1,"event":{"id":215,"name":"Swing & Snow","location":"St. Petersburg, Russia","url":"swingandsnow.ru","date":"February 2019"},"result":"5"}]}}}}
{"type":"dancer","dancer":{"id":18084,"first_name":"Natal?ya","last_name":"Ponpa","wscid":18414},"level":{"required":"NEW","allowed":"NOV","reason":""},"placements":{"West Coast Swing":{"NEW":{"division":{"id":3,"name":"Newcomer","abbreviation":"NEW"},"total_points":1,"competitions":[{"role":"follower","points":1,"event":{"id":215,"name":"Swing & Snow","location":"St. Petersburg, Russia","url":"swingandsnow.ru","date":"February 2019"},"result":"5"}]}}}}
{"type":"dancer","dancer":{"id":18085,"first_name":"Yuriy","last_name":"Martynenko","wscid":18415},"level":{"required":"NOV","allowed":"NOV","reason":""},"placements":{"West Coast Swing":{"NOV":{"division":{"id":4,"name":"Novice","abbreviation":"NOV"},"total_points":15,"competitions":[{"role":"leader","points":15,"event":{"id":215,"name":"Swing & Snow","location":"St. Petersburg, Russia","url":"swingandsnow.ru","date":"February 2019"},"result":"1"}]}}}}
{"type":"dancer","dancer":{"id":18086,"first_name":"Nelli","last_name":"Ziganshina","wscid":18416},"level":{"required":"NOV","allowed":"NOV","reason":""},"placements":{"West Coast Swing":{"NOV":{"division":{"id":4,"name":"Novice","abbreviation":"NOV"},"total_points":12,"competitions":[{"role":"follower","points":12,"event":{"id":215,"name":"Swing & Snow","location":"St. Petersburg, Russia","url":"swingandsnow.ru","date":"February 2019"},"result":"2"}]}}}}
{"type":"dancer","dancer":{"id":18087,"first_name":"Aleksey","last_name":"Mironov","wscid":18417},"level":{"required":"NOV","allowed":"NOV","reason":""},"placements":{"West Coast Swing":{"NOV":{"division":{"id":4,"name":"Novice","abbreviation":"NOV"},"total_points":10,"competitions":[{"role":"leader","points":10,"event":{"id":215,"name":"Swing & Snow","location":"St. Petersburg, Russia","url":"swingandsnow.ru","date":"February 2019"},"result":"3"}]}}}}
{"type":"dancer","dancer":{"id":18088,"first_name":"Yuliya","last_name":"Rodionova","wscid":18418},"level":{"required":"NOV","allowed":"NOV","reason":""},"placements":{"West Coast Swing":{"NOV":{"division":{"id":4,"name":"Novice","abbreviation":"NOV"},"total_points":10,"competitions":[{"role":"follower","points":10,"event":{"id":215,"name":"Swing & Snow","location":"St. Petersburg, Russia","url":"swingandsnow.ru","date":"February 2019"},"result":"3"}]}}}}
{"type":"dancer","dancer":{"id":18089,"first_name":"Georgiy","last_name":"Golev","wscid":18419},"level":{"required":"NOV","allowed":"NOV","reason":""},"placements":{"West Coast Swing":{"NOV":{"division":{"id":4,"name":"Novice","abbreviation":"NOV"},"total_points":1,"competitions":[{"role":"leader","points":1,"event":{"id":215,"name":"Swing & Snow","location":"St. Petersburg, Russia","url":"swingandsnow.ru","date":"February 2019"},"result":"F"}]}}}}
{"type":"dancer","dancer":{"id":18091,"first_name":"Aleksandr","last_name":"Karpov","wscid":18421},"level":{"required":"NOV","allowed":"NOV","reason":""},"placements":{"West Coast Swing":{"NOV":{"division":{"id":4,"name":"Novice","abbreviation":"NOV"},"total_points":1,"competitions":[{"role":"leader","points":1,"event":{"id":215,"name":"Swing & Snow","location":"St. Petersburg, Russia","url":"swingandsnow.ru","date":"February 2019"},"result":"F"}]}}}}
{"type":"dancer","dancer":{"id":18092,"first_name":"Kyle","last_name":"Jones","wscid":18422},"level":{"required":"NEW","allowed":"NOV","reason":""},"placements":{"West Coast Swing":{"NEW":{"division":{"id":3,"name":"Newcomer","abbreviation":"NEW"},"total_points":10,"competitions":[{"role":"leader","points":10,"event":{"id":273,"name":"Charlotte Westie Fest","location":"Charlotte, NC","url":"http:\/\/www.charlottewestiefest.com\/","date":"February 2019"},"result":"1"}]}}}}
{"type":"dancer","dancer":{"id":18093,"first_name":"Tessa","last_name":"Chelain","wscid":18423},"level":{"required":"NEW","allowed":"NOV","reason":""},"placements":{"West Coast Swing":{"NEW":{"division":{"id":3,"name":"Newcomer","abbreviation":"NEW"},"total_points":12,"competitions":[{"role":"follower","points":12,"event":{"id":273,"name":"Charlotte Westie Fest","location":"Charlotte, NC","url":"http:\/\/www.charlottewestiefest.com\/","date":"February 2019"},"result":"2"}]}}}}
{"type":"dancer","dancer":{"id":18094,"first_name":"Nathaniel","last_name":"Patterson","wscid":18424},"level":{"required":"NEW","allowed":"NOV","reason":""},"placements":{"West Coast Swing":{"NEW":{"division":{"id":3,"name":"Newcomer","abbreviation":"NEW"},"total_points":6,"competitions":[{"role":"leader","points":6,"event":{"id":273,"name":"Charlotte Westie Fest","location":"Charlotte, NC","url":"http:\/\/www.charlottewestiefest.com\/","date":"February 2019"},"result":"3"}]}}}}
{"type":"dancer","dancer":{"id":18095,"first_name":"Liz","last_name":"Dewald","wscid":18425},"level":{"required":"NEW","allowed":"NOV","reason":""},"placements":{"West Coast Swing":{"NEW":{"division":{"id":3,"name":"Newcomer","abbreviation":"NEW"},"total_points":10,"competitions":[{"role":"follower","points":10,"event":{"id":273,"name":"Charlotte Westie Fest","location":"Charlotte, NC","url":"http:\/\/www.charlottewestiefest.com\/","date":"February 2019"},"result":"3"}]}}}}
{"type":"dancer","dancer":{"id":18096,"first_name":"Madisynne","last_name":"Harris","wscid":18426},"level":{"required":"NEW","allowed":"NOV","reason":""},"placements":{"West Coast Swing":{"NEW":{"division":{"id":3,"name":"Newcomer","abbreviation":"NEW"},"total_points":4,"competitions":[{"role":"leader","points":4,"event":{"id":273,"name":"Charlotte Westie Fest","location":"Charlotte, NC","url":"http:\/\/www.charlottewestiefest.com\/","date":"February 2019"},"result":"4"}]}}}}
{"type":"dancer","dancer":{"id":18097,"first_name":"Sheila C","last_name":"Moore","wscid":18427},"level":{"required":"NEW","allowed":"NOV","reason":""},"placements":{"West Coast Swing":{"NEW":{"division":{"id":3,"name":"Newcomer","abbreviation":"NEW"},"total_points":8,"competitions":[{"role":"follower","points":8,"event":{"id":273,"name":"Charlotte Westie Fest","location":"Charlotte, NC","url":"http:\/\/www.charlottewestiefest.com\/","date":"February 2019"},"result":"4"}]}}}}
{"type":"dancer","dancer":{"id":18098,"first_name":"Andrew","last_name":"Schuckert","wscid":18428},"level":{"required":"NEW","allowed":"NOV","reason":""},"placements":{"West Coast Swing":{"NEW":{"division":{"id":3,"name":"Newcomer","abbreviation":"NEW"},"total_points":2,"competitions":[{"role":"leader","points":2,"event":{"id":273,"name":"Charlotte Westie Fest","location":"Charlotte, NC","url":"http:\/\/www.charlottewestiefest.com\/","date":"February 2019"},"result":"5"}]}}}}
{"type":"dancer","dancer":{"id":18099,"first_name":"Johnny","last_name":"Miller","wscid":18429},"level":{"required":"NEW","allowed":"NOV","reason":""},"placements":{"West Coast Swing":{"NEW":{"division":{"id":3,"name":"Newcomer","abbreviation":"NEW"},"total_points":1,"competitions":[{"role":"leader","points":1,"event":{"id":273,"name":"Charlotte Westie Fest","location":"Charlotte, NC","url":"http:\/\/www.charlottewestiefest.com\/","date":"February 2019"},"result":"F"}]}}}}
{"type":"dancer","dancer":{"id":18100,"first_name":"Alice","last_name":"Dobbs","wscid":18430},"level":{"required":"NEW","allowed":"NOV","reason":""},"placements":{"West Coast Swing":{"NEW":{"division":{"id":3,"name":"Newcomer","abbreviation":"NEW"},"total_points":1,"competitions":[{"role":"follower","points":1,"event":{"id":273,"name":"Charlotte Westie Fest","location":"Charlotte, NC","url":"http:\/\/www.charlottewestiefest.com\/","date":"February 2019"},"result":"F"}]}}}}
{"type":"dancer","dancer":{"id":18101,"first_name":"Richard","last_name":"Weddle","wscid":18431},"level":{"required":"NEW","allowed":"NOV","reason":""},"placements":{"West Coast Swing":{"NEW":{"division":{"id":3,"name":"Newcomer","abbreviation":"NEW"},"total_points":1,"competitions":[{"role":"leader","points":1,"event":{"id":273,"name":"Charlotte Westie Fest","location":"Charlotte, NC","url":"http:\/\/www.charlottewestiefest.com\/","date":"February 2019"},"result":"F"}]}}}}
{"type":"dancer","dancer":{"id":18102,"first_name":"Garrick","last_name":"Dittmar","wscid":18432},"level":{"required":"NEW","allowed":"NOV","reason":""},"placements":{"West Coast Swing":{"NEW":{"division":{"id":3,"name":"Newcomer","abbreviation":"NEW"},"total_points":1,"competitions":[{"role":"leader","points":1,"event":{"id":273,"name":"Charlotte Westie Fest","location":"Charlotte, NC","url":"http:\/\/www.charlottewestiefest.com\/","date":"February 2019"},"result":"F"}]}}}}
{"type":"dancer","dancer":{"id":18103,"first_name":"Natasha","last_name":"Zem","wscid":18433},"level":{"required":"NEW","allowed":"NOV","reason":""},"placements":{"West Coast Swing":{"NEW":{"division":{"id":3,"name":"Newcomer","abbreviation":"NEW"},"total_points":1,"competitions":[{"role":"follower","points":1,"event":{"id":273,"name":"Charlotte Westie Fest","location":"Charlotte, NC","url":"http:\/\/www.charlottewestiefest.com\/","date":"February 2019"},"result":"F"}]}}}}
{"type":"dancer","dancer":{"id":18104,"first_name":"Eugene","last_name":"Pun","wscid":18434},"level":{"required":"NEW","allowed":"NOV","reason":""},"placements":{"West Coast Swing":{"NEW":{"division":{"id":3,"name":"Newcomer","abbreviation":"NEW"},"total_points":1,"competitions":[{"role":"leader","points":1,"event":{"id":273,"name":"Charlotte Westie Fest","location":"Charlotte, NC","url":"http:\/\/www.charlottewestiefest.com\/","date":"February 2019"},"result":"F"}]}}}}
{"type":"dancer","dancer":{"id":18105,"first_name":"Shauna","last_name":"Waldon","wscid":18435},"level":{"required":"NEW","allowed":"NOV","reason":""},"placements":{"West Coast Swing":{"NEW":{"division":{"id":3,"name":"Newcomer","abbreviation":"NEW"},"total_points":1,"competitions":[{"role":"follower","points":1,"event":{"id":273,"name":"Charlotte Westie Fest","location":"Charlotte, NC","url":"http:\/\/www.charlottewestiefest.com\/","date":"February 2019"},"result":"F"}]}}}}
{"type":"dancer","dancer":{"id":18106,"first_name":"Elijah","last_name":"King","wscid":18436},"level":{"required":"NEW","allowed":"NOV","reason":""},"placements":{"West Coast Swing":{"NEW":{"division":{"id":3,"name":"Newcomer","abbreviation":"NEW"},"total_points":1,"competitions":[{"role":"leader","points":1,"event":{"id":273,"name":"Charlotte Westie Fest","location":"Charlotte, NC","url":"http:\/\/www.charlottewestiefest.com\/","date":"February 2019"},"result":"F"}]}}}}
{"type":"dancer","dancer":{"id":18107,"first_name":"Emily","last_name":"Root","wscid":18437},"level":{"required":"NEW","allowed":"NOV","reason":""},"placements":{"West Coast Swing":{"NEW":{"division":{"id":3,"name":"Newcomer","abbreviation":"NEW"},"total_points":1,"competitions":[{"role":"follower","points":1,"event":{"id":273,"name":"Charlotte Westie Fest","location":"Charlotte, NC","url":"http:\/\/www.charlottewestiefest.com\/","date":"February 2019"},"result":"F"}]}}}}
{"type":"dancer","dancer":{"id":18108,"first_name":"Kevin","last_name":"Duke","wscid":18438},"level":{"required":"NEW","allowed":"NOV","reason":""},"placements":{"West Coast Swing":{"NEW":{"division":{"id":3,"name":"Newcomer","abbreviation":"NEW"},"total_points":1,"competitions":[{"role":"leader","points":1,"event":{"id":273,"name":"Charlotte Westie Fest","location":"Charlotte, NC","url":"http:\/\/www.charlottewestiefest.com\/","date":"February 2019"},"result":"F"}]}}}}
{"type":"dancer","dancer":{"id":18109,"first_name":"Alma","last_name":"Bajramovic","wscid":18439},"level":{"required":"NEW","allowed":"NOV","reason":""},"placements":{"West Coast Swing":{"NEW":{"division":{"id":3,"name":"Newcomer","abbreviation":"NEW"},"total_points":1,"competitions":[{"role":"follower","points":1,"event":{"id":273,"name":"Charlotte Westie Fest","location":"Charlotte, NC","url":"http:\/\/www.charlottewestiefest.com\/","date":"February 2019"},"result":"F"}]}}}}
{"type":"dancer","dancer":{"id":18110,"first_name":"Matthew","last_name":"Busch","wscid":18440},"level":{"required":"NEW","allowed":"NOV","reason":""},"placements":{"West Coast Swing":{"NEW":{"division":{"id":3,"name":"Newcomer","abbreviation":"NEW"},"total_points":1,"competitions":[{"role":"leader","points":1,"event":{"id":273,"name":"Charlotte Westie Fest","location":"Charlotte, NC","url":"http:\/\/www.charlottewestiefest.com\/","date":"February 2019"},"result":"F"}]}}}}
{"type":"dancer","dancer":{"id":18111,"first_name":"Cameron","last_name":"Rentz","wscid":18441},"level":{"required":"NEW","allowed":"NOV","reason":""},"placements":{"West Coast Swing":{"NEW":{"division":{"id":3,"name":"Newcomer","abbreviation":"NEW"},"total_points":1,"competitions":[{"role":"follower","points":1,"event":{"id":273,"name":"Charlotte Westie Fest","location":"Charlotte, NC","url":"http:\/\/www.charlottewestiefest.com\/","date":"February 2019"},"result":"F"}]}}}}
{"type":"dancer","dancer":{"id":18112,"first_name":"Anne","last_name":"Brade","wscid":18442},"level":{"required":"NEW","allowed":"NOV","reason":""},"placements":{"West Coast Swing":{"NEW":{"division":{"id":3,"name":"Newcomer","abbreviation":"NEW"},"total_points":1,"competitions":[{"role":"follower","points":1,"event":{"id":273,"name":"Charlotte Westie Fest","location":"Charlotte, NC","url":"http:\/\/www.charlottewestiefest.com\/","date":"February 2019"},"result":"F"}]}}}}
{"type":"dancer","dancer":{"id":18113,"first_name":"Danielle","last_name":"Ely","wscid":18443},"level":{"required":"NEW","allowed":"NOV","reason":""},"placements":{"West Coast Swing":{"NEW":{"division":{"id":3,"name":"Newcomer","abbreviation":"NEW"},"total_points":1,"competitions":[{"role":"follower","points":1,"event":{"id":273,"name":"Charlotte Westie Fest","location":"Charlotte, NC","url":"http:\/\/www.charlottewestiefest.com\/","date":"February 2019"},"result":"F"}]}}}}
{"type":"dancer","dancer":{"id":18114,"first_name":"Kyle","last_name":"Dennis","wscid":18444},"level":{"required":"NOV","allowed":"NOV","reason":""},"placements":{"West Coast Swing":{"NOV":{"division":{"id":4,"name":"Novice","abbreviation":"NOV"},"total_points":1,"competitions":[{"role":"leader","points":1,"event":{"id":273,"name":"Charlotte Westie Fest","location":"Charlotte, NC","url":"http:\/\/www.charlottewestiefest.com\/","date":"February 2019"},"result":"F"}]}}}}
{"type":"dancer","dancer":{"id":18115,"first_name":"Marina","last_name":"Ignatova","wscid":18445},"level":{"required":"NOV","allowed":"NOV","reason":""},"placements":{"West Coast Swing":{"NOV":{"division":{"id":4,"name":"Novice","abbreviation":"NOV"},"total_points":1,"competitions":[{"role":"follower","points":1,"event":{"id":215,"name":"Swing & Snow","location":"St. Petersburg, Russia","url":"swingandsnow.ru","date":"February 2019"},"result":"F"}]}}}}
